
  .   ____          _            __ _ _
 /\\ / ___'_ __ _ _(_)_ __  __ _ \ \ \ \
( ( )\___ | '_ | '_| | '_ \/ _` | \ \ \ \
 \\/  ___)| |_)| | | | | || (_| |  ) ) ) )
  '  |____| .__|_| |_|_| |_\__, | / / / /
 =========|_|==============|___/=/_/_/_/

 :: Spring Boot ::                (v4.0.2)

2026-05-05T20:28:57.482+01:00  INFO 36496 --- [building-service] [           main] c.d.b.BuildingServiceApplication         : Starting BuildingServiceApplication v0.0.1-SNAPSHOT using Java 17.0.12 with PID 36496 (C:\Users\CYBORG\Desktop\stagepfe\dashboardtest\pfe\recupp_donnees\happy-main\target\building-service-0.0.1-SNAPSHOT.jar started by CYBORG in C:\Users\CYBORG\Desktop\stagepfe\dashboardtest\pfe\recupp_donnees\happy-main)
2026-05-05T20:28:57.497+01:00  INFO 36496 --- [building-service] [           main] c.d.b.BuildingServiceApplication         : No active profile set, falling back to 1 default profile: "default"
2026-05-05T20:28:57.497+01:00 DEBUG 36496 --- [building-service] [           main] o.s.boot.SpringApplication               : Loading source class com.digitaltwin.building_service.BuildingServiceApplication
2026-05-05T20:28:57.604+01:00 DEBUG 36496 --- [building-service] [           main] ConfigServletWebServerApplicationContext : Refreshing org.springframework.boot.web.server.servlet.context.AnnotationConfigServletWebServerApplicationContext@4b6e2263
2026-05-05T20:28:58.580+01:00  INFO 36496 --- [building-service] [           main] .s.d.r.c.RepositoryConfigurationDelegate : Bootstrapping Spring Data JPA repositories in DEFAULT mode.
2026-05-05T20:28:58.626+01:00 DEBUG 36496 --- [building-service] [           main] o.s.b.a.AutoConfigurationPackages        : @EnableAutoConfiguration was declared on a class in the package 'com.digitaltwin.building_service'. Automatic @Repository and @Entity scanning is enabled.
2026-05-05T20:28:58.682+01:00  INFO 36496 --- [building-service] [           main] .s.d.r.c.RepositoryConfigurationDelegate : Finished Spring Data repository scanning in 75 ms. Found 7 JPA repository interfaces.
2026-05-05T20:28:59.484+01:00 DEBUG 36496 --- [building-service] [           main] o.s.b.t.s.TomcatServletWebServerFactory  : Code archive: C:\Users\CYBORG\Desktop\stagepfe\dashboardtest\pfe\recupp_donnees\happy-main\target\building-service-0.0.1-SNAPSHOT.jar
2026-05-05T20:28:59.485+01:00 DEBUG 36496 --- [building-service] [           main] o.s.b.t.s.TomcatServletWebServerFactory  : Code archive: C:\Users\CYBORG\Desktop\stagepfe\dashboardtest\pfe\recupp_donnees\happy-main\target\building-service-0.0.1-SNAPSHOT.jar
2026-05-05T20:28:59.486+01:00 DEBUG 36496 --- [building-service] [           main] o.s.b.t.s.TomcatServletWebServerFactory  : None of the document roots [src/main/webapp, public, static] point to a directory and will be ignored.
2026-05-05T20:28:59.527+01:00  INFO 36496 --- [building-service] [           main] o.s.boot.tomcat.TomcatWebServer          : Tomcat initialized with port 8084 (http)
2026-05-05T20:28:59.545+01:00  INFO 36496 --- [building-service] [           main] o.apache.catalina.core.StandardService   : Starting service [Tomcat]
2026-05-05T20:28:59.546+01:00  INFO 36496 --- [building-service] [           main] o.apache.catalina.core.StandardEngine    : Starting Servlet engine: [Apache Tomcat/11.0.15]
2026-05-05T20:28:59.593+01:00 DEBUG 36496 --- [building-service] [           main] b.w.c.s.WebApplicationContextInitializer : Published root WebApplicationContext as ServletContext attribute with name [org.springframework.web.context.WebApplicationContext.ROOT]
2026-05-05T20:28:59.595+01:00  INFO 36496 --- [building-service] [           main] b.w.c.s.WebApplicationContextInitializer : Root WebApplicationContext: initialization completed in 1990 ms
2026-05-05T20:28:59.618+01:00 DEBUG 36496 --- [building-service] [           main] o.s.b.w.s.ServletContextInitializerBeans : Mapping filters: characterEncodingFilter urls=[/*] order=-2147483648, formContentFilter urls=[/*] order=-9900, requestContextFilter urls=[/*] order=-105
2026-05-05T20:28:59.619+01:00 DEBUG 36496 --- [building-service] [           main] o.s.b.w.s.ServletContextInitializerBeans : Mapping servlets: dispatcherServlet urls=[/]
2026-05-05T20:28:59.653+01:00 DEBUG 36496 --- [building-service] [           main] o.s.b.s.f.OrderedRequestContextFilter    : Filter 'requestContextFilter' configured for use
2026-05-05T20:28:59.658+01:00 DEBUG 36496 --- [building-service] [           main] o.s.b.s.f.OrderedCharacterEncodingFilter : Filter 'characterEncodingFilter' configured for use
2026-05-05T20:28:59.659+01:00 DEBUG 36496 --- [building-service] [           main] o.s.b.s.filter.OrderedFormContentFilter  : Filter 'formContentFilter' configured for use
2026-05-05T20:28:59.820+01:00  INFO 36496 --- [building-service] [           main] org.hibernate.orm.jpa                    : HHH008540: Processing PersistenceUnitInfo [name: default]
2026-05-05T20:28:59.926+01:00  INFO 36496 --- [building-service] [           main] org.hibernate.orm.core                   : HHH000001: Hibernate ORM core version 7.2.1.Final
2026-05-05T20:29:00.746+01:00  INFO 36496 --- [building-service] [           main] o.s.o.j.p.SpringPersistenceUnitInfo      : No LoadTimeWeaver setup: ignoring JPA class transformer
2026-05-05T20:29:00.780+01:00  INFO 36496 --- [building-service] [           main] com.zaxxer.hikari.HikariDataSource       : HikariPool-1 - Starting...
2026-05-05T20:29:01.085+01:00  INFO 36496 --- [building-service] [           main] com.zaxxer.hikari.pool.HikariPool        : HikariPool-1 - Added connection org.postgresql.jdbc.PgConnection@22361e23
2026-05-05T20:29:01.088+01:00  INFO 36496 --- [building-service] [           main] com.zaxxer.hikari.HikariDataSource       : HikariPool-1 - Start completed.
2026-05-05T20:29:01.145+01:00  WARN 36496 --- [building-service] [           main] org.hibernate.orm.deprecation            : HHH90000025: PostgreSQLDialect does not need to be specified explicitly using 'hibernate.dialect' (remove the property setting and it will be selected by default)
2026-05-05T20:29:01.183+01:00  INFO 36496 --- [building-service] [           main] org.hibernate.orm.connections.pooling    : HHH10001005: Database info:
	Database JDBC URL [jdbc:postgresql://localhost:5433/buildingdb]
	Database driver: PostgreSQL JDBC Driver
	Database dialect: PostgreSQLDialect
	Database version: 15.17
	Default catalog/schema: buildingdb/public
	Autocommit mode: undefined/unknown
	Isolation level: READ_COMMITTED [default READ_COMMITTED]
	JDBC fetch size: none
	Pool: DataSourceConnectionProvider
	Minimum pool size: undefined/unknown
	Maximum pool size: undefined/unknown
2026-05-05T20:29:02.500+01:00  INFO 36496 --- [building-service] [           main] org.hibernate.orm.core                   : HHH000489: No JTA platform available (set 'hibernate.transaction.jta.platform' to enable JTA platform integration)
2026-05-05T20:29:02.591+01:00  INFO 36496 --- [building-service] [           main] j.LocalContainerEntityManagerFactoryBean : Initialized JPA EntityManagerFactory for persistence unit 'default'
2026-05-05T20:29:02.715+01:00  INFO 36496 --- [building-service] [           main] o.s.d.j.r.query.QueryEnhancerFactories   : Hibernate is in classpath; If applicable, HQL parser will be used.
2026-05-05T20:29:03.856+01:00  INFO 36496 --- [building-service] [           main] c.d.b.kafka.RealtimeSensorService        : RealtimeSensorService initialized with cache-ttl=2000ms, kafka-polling=5000ms
2026-05-05T20:29:03.984+01:00 DEBUG 36496 --- [building-service] [           main] org.hibernate.SQL                        : select z1_0.id,z1_0.floor_id,z1_0.name,z1_0.type from zones z1_0
2026-05-05T20:29:06.419+01:00  INFO 36496 --- [building-service] [           main] c.d.b.service.WaveonFusionService        : WaveOn login ? POST https://iot.waveon.tn/WS_WAVEON/LoginClientService/
2026-05-05T20:29:06.630+01:00 DEBUG 36496 --- [building-service] [           main] o.s.web.client.DefaultRestClient         : Writing [{email=amal.waly@etudiant-isi.utm.tn, password=8Sw5BCV1DybTyxxHGVYXXg==, devicename=building-service}] as "application/json" with org.springframework.http.converter.json.JacksonJsonHttpMessageConverter
2026-05-05T20:29:07.093+01:00 DEBUG 36496 --- [building-service] [           main] o.s.web.client.DefaultRestClient         : Reading to [java.lang.String] as "application/json;charset=UTF-8"
2026-05-05T20:29:07.098+01:00  INFO 36496 --- [building-service] [           main] c.d.b.service.WaveonFusionService        : WaveOn login OK ? idclient=171, iduser=8, token=****O879
2026-05-05T20:29:07.100+01:00 DEBUG 36496 --- [building-service] [           main] o.s.web.client.DefaultRestClient         : Writing [{unicast=66000, id_client=171, id_network=1, id_user=8, token=Oc46IkUzO74h2PjeO879, start_time=2026-05-04T19:29, end_time=2026-05-05T19:29}] as "application/json" with org.springframework.http.converter.json.JacksonJsonHttpMessageConverter
2026-05-05T20:29:07.778+01:00 DEBUG 36496 --- [building-service] [           main] o.s.web.client.DefaultRestClient         : Reading to [java.lang.String] as "application/json;charset=UTF-8"
2026-05-05T20:29:07.897+01:00 DEBUG 36496 --- [building-service] [           main] o.s.web.client.DefaultRestClient         : Writing [{idclient=171, iduser=8, idNetwork=1, token=Oc46IkUzO74h2PjeO879, lastUpdate=2019-10-01 01:01:01, commandLastId=0, permissionsLastUpdate=2019-10-01 01:01:01, roomsLastUpdate=2019-10-01 01:01:01, automationLastUpdate=2019-10-01 01:01:01}] as "application/json" with org.springframework.http.converter.json.JacksonJsonHttpMessageConverter
2026-05-05T20:29:08.129+01:00 DEBUG 36496 --- [building-service] [           main] o.s.web.client.DefaultRestClient         : Reading to [java.lang.String] as "application/json;charset=UTF-8"
2026-05-05T20:29:08.147+01:00 DEBUG 36496 --- [building-service] [           main] o.s.web.client.DefaultRestClient         : Writing [{unicast=11, id_client=171, id_network=1, id_user=8, token=Oc46IkUzO74h2PjeO879, start_timestamp=2026-05-04T19:29:00, end_timestamp=2026-05-05T19:29:00}] as "application/json" with org.springframework.http.converter.json.JacksonJsonHttpMessageConverter
2026-05-05T20:29:09.455+01:00 DEBUG 36496 --- [building-service] [           main] o.s.web.client.DefaultRestClient         : Reading to [java.lang.String] as "application/json;charset=UTF-8"
2026-05-05T20:29:09.546+01:00 DEBUG 36496 --- [building-service] [           main] o.s.web.client.DefaultRestClient         : Writing [{unicast=66001, id_client=171, id_network=1, id_user=8, token=Oc46IkUzO74h2PjeO879, start_time=2026-05-04T19:29, end_time=2026-05-05T19:29}] as "application/json" with org.springframework.http.converter.json.JacksonJsonHttpMessageConverter
2026-05-05T20:29:10.151+01:00 DEBUG 36496 --- [building-service] [           main] o.s.web.client.DefaultRestClient         : Reading to [java.lang.String] as "application/json;charset=UTF-8"
2026-05-05T20:29:10.157+01:00 DEBUG 36496 --- [building-service] [           main] o.s.web.client.DefaultRestClient         : Writing [{unicast=29, id_client=171, id_network=1, id_user=8, token=Oc46IkUzO74h2PjeO879, start_timestamp=2026-05-04T19:29:00, end_timestamp=2026-05-05T19:29:00}] as "application/json" with org.springframework.http.converter.json.JacksonJsonHttpMessageConverter
2026-05-05T20:29:11.188+01:00 ERROR 36496 --- [building-service] [           main] c.d.b.service.WaveonFusionService        : WaveOn API error for path /proxy/:81/getHumHistory/: HTTP 500 - {"timestamp":"2026-05-05T19:29:12.327+0000","status":500,"error":"Internal Server Error","message":"500 Internal Server Error","path":"/WS_WAVEON/proxy/:81/getHumHistory/"}
2026-05-05T20:29:11.190+01:00 DEBUG 36496 --- [building-service] [           main] o.s.web.client.DefaultRestClient         : Writing [{unicast=29, id_client=171, id_network=1, id_user=8, token=Oc46IkUzO74h2PjeO879, start_timestamp=2026-05-04T19:29:00, end_timestamp=2026-05-05T19:29:00}] as "application/json" with org.springframework.http.converter.json.JacksonJsonHttpMessageConverter
2026-05-05T20:29:11.806+01:00 DEBUG 36496 --- [building-service] [           main] o.s.web.client.DefaultRestClient         : Reading to [java.lang.String] as "application/json;charset=UTF-8"
2026-05-05T20:29:11.810+01:00 DEBUG 36496 --- [building-service] [           main] o.s.web.client.DefaultRestClient         : Writing [{unicast=29, id_client=171, id_network=1, id_user=8, token=Oc46IkUzO74h2PjeO879, start_timestamp=2026-05-04T19:29:00, end_timestamp=2026-05-05T19:29:00}] as "application/json" with org.springframework.http.converter.json.JacksonJsonHttpMessageConverter
2026-05-05T20:29:12.202+01:00 ERROR 36496 --- [building-service] [           main] c.d.b.service.WaveonFusionService        : WaveOn API error for path /proxy/:81/getOccupancyHistory/: HTTP 500 - {"timestamp":"2026-05-05T19:29:13.349+0000","status":500,"error":"Internal Server Error","message":"500 Internal Server Error","path":"/WS_WAVEON/proxy/:81/getOccupancyHistory/"}
2026-05-05T20:29:12.205+01:00 DEBUG 36496 --- [building-service] [           main] o.s.web.client.DefaultRestClient         : Writing [{unicast=29, id_client=171, id_network=1, id_user=8, token=Oc46IkUzO74h2PjeO879, start_timestamp=2026-05-04T19:29:00, end_timestamp=2026-05-05T19:29:00}] as "application/json" with org.springframework.http.converter.json.JacksonJsonHttpMessageConverter
2026-05-05T20:29:12.775+01:00 ERROR 36496 --- [building-service] [           main] c.d.b.service.WaveonFusionService        : WaveOn API error for path /proxy/:81/getTempHistory/: HTTP 500 - {"timestamp":"2026-05-05T19:29:13.925+0000","status":500,"error":"Internal Server Error","message":"500 Internal Server Error","path":"/WS_WAVEON/proxy/:81/getTempHistory/"}
2026-05-05T20:29:12.776+01:00 DEBUG 36496 --- [building-service] [           main] o.s.web.client.DefaultRestClient         : Writing [{unicast=66001, id_client=171, id_network=1, id_user=8, token=Oc46IkUzO74h2PjeO879, start_time=2026-05-04T19:29, end_time=2026-05-05T19:29}] as "application/json" with org.springframework.http.converter.json.JacksonJsonHttpMessageConverter
2026-05-05T20:29:13.448+01:00 DEBUG 36496 --- [building-service] [           main] o.s.web.client.DefaultRestClient         : Reading to [java.lang.String] as "application/json;charset=UTF-8"
2026-05-05T20:29:13.452+01:00 DEBUG 36496 --- [building-service] [           main] o.s.web.client.DefaultRestClient         : Writing [{unicast=28, id_client=171, id_network=1, id_user=8, token=Oc46IkUzO74h2PjeO879, start_timestamp=2026-05-04T19:29:00, end_timestamp=2026-05-05T19:29:00}] as "application/json" with org.springframework.http.converter.json.JacksonJsonHttpMessageConverter
2026-05-05T20:29:13.993+01:00 ERROR 36496 --- [building-service] [           main] c.d.b.service.WaveonFusionService        : WaveOn API error for path /proxy/:81/getHumHistory/: HTTP 500 - {"timestamp":"2026-05-05T19:29:15.139+0000","status":500,"error":"Internal Server Error","message":"500 Internal Server Error","path":"/WS_WAVEON/proxy/:81/getHumHistory/"}
2026-05-05T20:29:13.994+01:00 DEBUG 36496 --- [building-service] [           main] o.s.web.client.DefaultRestClient         : Writing [{unicast=28, id_client=171, id_network=1, id_user=8, token=Oc46IkUzO74h2PjeO879, start_timestamp=2026-05-04T19:29:00, end_timestamp=2026-05-05T19:29:00}] as "application/json" with org.springframework.http.converter.json.JacksonJsonHttpMessageConverter
2026-05-05T20:29:14.498+01:00 ERROR 36496 --- [building-service] [           main] c.d.b.service.WaveonFusionService        : WaveOn API error for path /proxy/:81/getLumHistory/: HTTP 500 - {"timestamp":"2026-05-05T19:29:15.644+0000","status":500,"error":"Internal Server Error","message":"500 Internal Server Error","path":"/WS_WAVEON/proxy/:81/getLumHistory/"}
2026-05-05T20:29:14.502+01:00 DEBUG 36496 --- [building-service] [           main] o.s.web.client.DefaultRestClient         : Writing [{unicast=28, id_client=171, id_network=1, id_user=8, token=Oc46IkUzO74h2PjeO879, start_timestamp=2026-05-04T19:29:00, end_timestamp=2026-05-05T19:29:00}] as "application/json" with org.springframework.http.converter.json.JacksonJsonHttpMessageConverter
2026-05-05T20:29:15.088+01:00 ERROR 36496 --- [building-service] [           main] c.d.b.service.WaveonFusionService        : WaveOn API error for path /proxy/:81/getOccupancyHistory/: HTTP 500 - {"timestamp":"2026-05-05T19:29:16.234+0000","status":500,"error":"Internal Server Error","message":"500 Internal Server Error","path":"/WS_WAVEON/proxy/:81/getOccupancyHistory/"}
2026-05-05T20:29:15.089+01:00 DEBUG 36496 --- [building-service] [           main] o.s.web.client.DefaultRestClient         : Writing [{unicast=28, id_client=171, id_network=1, id_user=8, token=Oc46IkUzO74h2PjeO879, start_timestamp=2026-05-04T19:29:00, end_timestamp=2026-05-05T19:29:00}] as "application/json" with org.springframework.http.converter.json.JacksonJsonHttpMessageConverter
2026-05-05T20:29:15.574+01:00 ERROR 36496 --- [building-service] [           main] c.d.b.service.WaveonFusionService        : WaveOn API error for path /proxy/:81/getTempHistory/: HTTP 500 - {"timestamp":"2026-05-05T19:29:16.720+0000","status":500,"error":"Internal Server Error","message":"500 Internal Server Error","path":"/WS_WAVEON/proxy/:81/getTempHistory/"}
2026-05-05T20:29:15.576+01:00 DEBUG 36496 --- [building-service] [           main] o.s.web.client.DefaultRestClient         : Writing [{unicast=66001, id_client=171, id_network=1, id_user=8, token=Oc46IkUzO74h2PjeO879, start_time=2026-05-04T19:29, end_time=2026-05-05T19:29}] as "application/json" with org.springframework.http.converter.json.JacksonJsonHttpMessageConverter
2026-05-05T20:29:16.514+01:00 DEBUG 36496 --- [building-service] [           main] o.s.web.client.DefaultRestClient         : Reading to [java.lang.String] as "application/json;charset=UTF-8"
2026-05-05T20:29:16.515+01:00 DEBUG 36496 --- [building-service] [           main] o.s.web.client.DefaultRestClient         : Writing [{unicast=26, id_client=171, id_network=1, id_user=8, token=Oc46IkUzO74h2PjeO879, start_timestamp=2026-05-04T19:29:00, end_timestamp=2026-05-05T19:29:00}] as "application/json" with org.springframework.http.converter.json.JacksonJsonHttpMessageConverter
2026-05-05T20:29:17.013+01:00 ERROR 36496 --- [building-service] [           main] c.d.b.service.WaveonFusionService        : WaveOn API error for path /proxy/:81/getHumHistory/: HTTP 500 - {"timestamp":"2026-05-05T19:29:18.151+0000","status":500,"error":"Internal Server Error","message":"500 Internal Server Error","path":"/WS_WAVEON/proxy/:81/getHumHistory/"}
2026-05-05T20:29:17.014+01:00 DEBUG 36496 --- [building-service] [           main] o.s.web.client.DefaultRestClient         : Writing [{unicast=26, id_client=171, id_network=1, id_user=8, token=Oc46IkUzO74h2PjeO879, start_timestamp=2026-05-04T19:29:00, end_timestamp=2026-05-05T19:29:00}] as "application/json" with org.springframework.http.converter.json.JacksonJsonHttpMessageConverter
2026-05-05T20:29:17.342+01:00 ERROR 36496 --- [building-service] [           main] c.d.b.service.WaveonFusionService        : WaveOn API error for path /proxy/:81/getLumHistory/: HTTP 500 - {"timestamp":"2026-05-05T19:29:18.489+0000","status":500,"error":"Internal Server Error","message":"500 Internal Server Error","path":"/WS_WAVEON/proxy/:81/getLumHistory/"}
2026-05-05T20:29:17.368+01:00 DEBUG 36496 --- [building-service] [           main] o.s.web.client.DefaultRestClient         : Writing [{unicast=26, id_client=171, id_network=1, id_user=8, token=Oc46IkUzO74h2PjeO879, start_timestamp=2026-05-04T19:29:00, end_timestamp=2026-05-05T19:29:00}] as "application/json" with org.springframework.http.converter.json.JacksonJsonHttpMessageConverter
2026-05-05T20:29:17.675+01:00 ERROR 36496 --- [building-service] [           main] c.d.b.service.WaveonFusionService        : WaveOn API error for path /proxy/:81/getOccupancyHistory/: HTTP 500 - {"timestamp":"2026-05-05T19:29:18.825+0000","status":500,"error":"Internal Server Error","message":"500 Internal Server Error","path":"/WS_WAVEON/proxy/:81/getOccupancyHistory/"}
2026-05-05T20:29:17.678+01:00 DEBUG 36496 --- [building-service] [           main] o.s.web.client.DefaultRestClient         : Writing [{unicast=26, id_client=171, id_network=1, id_user=8, token=Oc46IkUzO74h2PjeO879, start_timestamp=2026-05-04T19:29:00, end_timestamp=2026-05-05T19:29:00}] as "application/json" with org.springframework.http.converter.json.JacksonJsonHttpMessageConverter
2026-05-05T20:29:18.120+01:00 ERROR 36496 --- [building-service] [           main] c.d.b.service.WaveonFusionService        : WaveOn API error for path /proxy/:81/getTempHistory/: HTTP 500 - {"timestamp":"2026-05-05T19:29:19.268+0000","status":500,"error":"Internal Server Error","message":"500 Internal Server Error","path":"/WS_WAVEON/proxy/:81/getTempHistory/"}
2026-05-05T20:29:18.124+01:00 DEBUG 36496 --- [building-service] [           main] o.s.web.client.DefaultRestClient         : Writing [{unicast=66001, id_client=171, id_network=1, id_user=8, token=Oc46IkUzO74h2PjeO879, start_time=2026-05-04T19:29, end_time=2026-05-05T19:29}] as "application/json" with org.springframework.http.converter.json.JacksonJsonHttpMessageConverter
2026-05-05T20:29:18.469+01:00 DEBUG 36496 --- [building-service] [           main] o.s.web.client.DefaultRestClient         : Reading to [java.lang.String] as "application/json;charset=UTF-8"
2026-05-05T20:29:18.474+01:00 DEBUG 36496 --- [building-service] [           main] o.s.web.client.DefaultRestClient         : Writing [{unicast=27, id_client=171, id_network=1, id_user=8, token=Oc46IkUzO74h2PjeO879, start_timestamp=2026-05-04T19:29:00, end_timestamp=2026-05-05T19:29:00}] as "application/json" with org.springframework.http.converter.json.JacksonJsonHttpMessageConverter
2026-05-05T20:29:18.694+01:00 ERROR 36496 --- [building-service] [           main] c.d.b.service.WaveonFusionService        : WaveOn API error for path /proxy/:81/getHumHistory/: HTTP 500 - {"timestamp":"2026-05-05T19:29:19.837+0000","status":500,"error":"Internal Server Error","message":"500 Internal Server Error","path":"/WS_WAVEON/proxy/:81/getHumHistory/"}
2026-05-05T20:29:18.697+01:00 DEBUG 36496 --- [building-service] [           main] o.s.web.client.DefaultRestClient         : Writing [{unicast=27, id_client=171, id_network=1, id_user=8, token=Oc46IkUzO74h2PjeO879, start_timestamp=2026-05-04T19:29:00, end_timestamp=2026-05-05T19:29:00}] as "application/json" with org.springframework.http.converter.json.JacksonJsonHttpMessageConverter
2026-05-05T20:29:18.964+01:00 ERROR 36496 --- [building-service] [           main] c.d.b.service.WaveonFusionService        : WaveOn API error for path /proxy/:81/getLumHistory/: HTTP 500 - {"timestamp":"2026-05-05T19:29:20.114+0000","status":500,"error":"Internal Server Error","message":"500 Internal Server Error","path":"/WS_WAVEON/proxy/:81/getLumHistory/"}
2026-05-05T20:29:18.968+01:00 DEBUG 36496 --- [building-service] [           main] o.s.web.client.DefaultRestClient         : Writing [{unicast=27, id_client=171, id_network=1, id_user=8, token=Oc46IkUzO74h2PjeO879, start_timestamp=2026-05-04T19:29:00, end_timestamp=2026-05-05T19:29:00}] as "application/json" with org.springframework.http.converter.json.JacksonJsonHttpMessageConverter
2026-05-05T20:29:19.266+01:00 ERROR 36496 --- [building-service] [           main] c.d.b.service.WaveonFusionService        : WaveOn API error for path /proxy/:81/getOccupancyHistory/: HTTP 500 - {"timestamp":"2026-05-05T19:29:20.415+0000","status":500,"error":"Internal Server Error","message":"500 Internal Server Error","path":"/WS_WAVEON/proxy/:81/getOccupancyHistory/"}
2026-05-05T20:29:19.270+01:00 DEBUG 36496 --- [building-service] [           main] o.s.web.client.DefaultRestClient         : Writing [{unicast=27, id_client=171, id_network=1, id_user=8, token=Oc46IkUzO74h2PjeO879, start_timestamp=2026-05-04T19:29:00, end_timestamp=2026-05-05T19:29:00}] as "application/json" with org.springframework.http.converter.json.JacksonJsonHttpMessageConverter
2026-05-05T20:29:19.652+01:00 ERROR 36496 --- [building-service] [           main] c.d.b.service.WaveonFusionService        : WaveOn API error for path /proxy/:81/getTempHistory/: HTTP 500 - {"timestamp":"2026-05-05T19:29:20.796+0000","status":500,"error":"Internal Server Error","message":"500 Internal Server Error","path":"/WS_WAVEON/proxy/:81/getTempHistory/"}
2026-05-05T20:29:19.656+01:00 DEBUG 36496 --- [building-service] [           main] o.s.web.client.DefaultRestClient         : Writing [{unicast=66001, id_client=171, id_network=1, id_user=8, token=Oc46IkUzO74h2PjeO879, start_time=2026-05-04T19:29, end_time=2026-05-05T19:29}] as "application/json" with org.springframework.http.converter.json.JacksonJsonHttpMessageConverter
2026-05-05T20:29:20.050+01:00 DEBUG 36496 --- [building-service] [           main] o.s.web.client.DefaultRestClient         : Reading to [java.lang.String] as "application/json;charset=UTF-8"
2026-05-05T20:29:20.053+01:00 DEBUG 36496 --- [building-service] [           main] o.s.web.client.DefaultRestClient         : Writing [{unicast=32, id_client=171, id_network=1, id_user=8, token=Oc46IkUzO74h2PjeO879, start_timestamp=2026-05-04T19:29:00, end_timestamp=2026-05-05T19:29:00}] as "application/json" with org.springframework.http.converter.json.JacksonJsonHttpMessageConverter
2026-05-05T20:29:20.527+01:00 DEBUG 36496 --- [building-service] [           main] o.s.web.client.DefaultRestClient         : Reading to [java.lang.String] as "application/json;charset=UTF-8"
2026-05-05T20:29:20.613+01:00 DEBUG 36496 --- [building-service] [           main] o.s.web.client.DefaultRestClient         : Writing [{unicast=32, id_client=171, id_network=1, id_user=8, token=Oc46IkUzO74h2PjeO879, start_timestamp=2026-05-04T19:29:00, end_timestamp=2026-05-05T19:29:00}] as "application/json" with org.springframework.http.converter.json.JacksonJsonHttpMessageConverter
2026-05-05T20:29:20.914+01:00 ERROR 36496 --- [building-service] [           main] c.d.b.service.WaveonFusionService        : WaveOn API error for path /proxy/:81/getLumHistory/: HTTP 500 - {"timestamp":"2026-05-05T19:29:22.060+0000","status":500,"error":"Internal Server Error","message":"500 Internal Server Error","path":"/WS_WAVEON/proxy/:81/getLumHistory/"}
2026-05-05T20:29:20.918+01:00 DEBUG 36496 --- [building-service] [           main] o.s.web.client.DefaultRestClient         : Writing [{unicast=32, id_client=171, id_network=1, id_user=8, token=Oc46IkUzO74h2PjeO879, start_timestamp=2026-05-04T19:29:00, end_timestamp=2026-05-05T19:29:00}] as "application/json" with org.springframework.http.converter.json.JacksonJsonHttpMessageConverter
2026-05-05T20:29:21.989+01:00 ERROR 36496 --- [building-service] [           main] c.d.b.service.WaveonFusionService        : WaveOn API error for path /proxy/:81/getOccupancyHistory/: HTTP 500 - {"timestamp":"2026-05-05T19:29:23.134+0000","status":500,"error":"Internal Server Error","message":"500 Internal Server Error","path":"/WS_WAVEON/proxy/:81/getOccupancyHistory/"}
2026-05-05T20:29:21.993+01:00 DEBUG 36496 --- [building-service] [           main] o.s.web.client.DefaultRestClient         : Writing [{unicast=32, id_client=171, id_network=1, id_user=8, token=Oc46IkUzO74h2PjeO879, start_timestamp=2026-05-04T19:29:00, end_timestamp=2026-05-05T19:29:00}] as "application/json" with org.springframework.http.converter.json.JacksonJsonHttpMessageConverter
2026-05-05T20:29:22.668+01:00 DEBUG 36496 --- [building-service] [           main] o.s.web.client.DefaultRestClient         : Reading to [java.lang.String] as "application/json;charset=UTF-8"
2026-05-05T20:29:22.736+01:00 DEBUG 36496 --- [building-service] [           main] o.s.web.client.DefaultRestClient         : Writing [{unicast=66001, id_client=171, id_network=1, id_user=8, token=Oc46IkUzO74h2PjeO879, start_time=2026-05-04T19:29, end_time=2026-05-05T19:29}] as "application/json" with org.springframework.http.converter.json.JacksonJsonHttpMessageConverter
2026-05-05T20:29:23.240+01:00 DEBUG 36496 --- [building-service] [           main] o.s.web.client.DefaultRestClient         : Reading to [java.lang.String] as "application/json;charset=UTF-8"
2026-05-05T20:29:23.242+01:00 DEBUG 36496 --- [building-service] [           main] o.s.web.client.DefaultRestClient         : Writing [{unicast=31, id_client=171, id_network=1, id_user=8, token=Oc46IkUzO74h2PjeO879, start_timestamp=2026-05-04T19:29:00, end_timestamp=2026-05-05T19:29:00}] as "application/json" with org.springframework.http.converter.json.JacksonJsonHttpMessageConverter
2026-05-05T20:29:23.621+01:00 ERROR 36496 --- [building-service] [           main] c.d.b.service.WaveonFusionService        : WaveOn API error for path /proxy/:81/getHumHistory/: HTTP 500 - {"timestamp":"2026-05-05T19:29:24.776+0000","status":500,"error":"Internal Server Error","message":"500 Internal Server Error","path":"/WS_WAVEON/proxy/:81/getHumHistory/"}
2026-05-05T20:29:23.621+01:00 DEBUG 36496 --- [building-service] [           main] o.s.web.client.DefaultRestClient         : Writing [{unicast=31, id_client=171, id_network=1, id_user=8, token=Oc46IkUzO74h2PjeO879, start_timestamp=2026-05-04T19:29:00, end_timestamp=2026-05-05T19:29:00}] as "application/json" with org.springframework.http.converter.json.JacksonJsonHttpMessageConverter
2026-05-05T20:29:24.325+01:00 DEBUG 36496 --- [building-service] [           main] o.s.web.client.DefaultRestClient         : Reading to [java.lang.String] as "application/json;charset=UTF-8"
2026-05-05T20:29:24.329+01:00 DEBUG 36496 --- [building-service] [           main] o.s.web.client.DefaultRestClient         : Writing [{unicast=31, id_client=171, id_network=1, id_user=8, token=Oc46IkUzO74h2PjeO879, start_timestamp=2026-05-04T19:29:00, end_timestamp=2026-05-05T19:29:00}] as "application/json" with org.springframework.http.converter.json.JacksonJsonHttpMessageConverter
2026-05-05T20:29:24.729+01:00 ERROR 36496 --- [building-service] [           main] c.d.b.service.WaveonFusionService        : WaveOn API error for path /proxy/:81/getOccupancyHistory/: HTTP 500 - {"timestamp":"2026-05-05T19:29:25.883+0000","status":500,"error":"Internal Server Error","message":"500 Internal Server Error","path":"/WS_WAVEON/proxy/:81/getOccupancyHistory/"}
2026-05-05T20:29:24.729+01:00 DEBUG 36496 --- [building-service] [           main] o.s.web.client.DefaultRestClient         : Writing [{unicast=31, id_client=171, id_network=1, id_user=8, token=Oc46IkUzO74h2PjeO879, start_timestamp=2026-05-04T19:29:00, end_timestamp=2026-05-05T19:29:00}] as "application/json" with org.springframework.http.converter.json.JacksonJsonHttpMessageConverter
2026-05-05T20:29:25.302+01:00 ERROR 36496 --- [building-service] [           main] c.d.b.service.WaveonFusionService        : WaveOn API error for path /proxy/:81/getTempHistory/: HTTP 500 - {"timestamp":"2026-05-05T19:29:26.450+0000","status":500,"error":"Internal Server Error","message":"500 Internal Server Error","path":"/WS_WAVEON/proxy/:81/getTempHistory/"}
2026-05-05T20:29:25.306+01:00 DEBUG 36496 --- [building-service] [           main] o.s.web.client.DefaultRestClient         : Writing [{unicast=66001, id_client=171, id_network=1, id_user=8, token=Oc46IkUzO74h2PjeO879, start_time=2026-05-04T19:29, end_time=2026-05-05T19:29}] as "application/json" with org.springframework.http.converter.json.JacksonJsonHttpMessageConverter
2026-05-05T20:29:25.784+01:00 DEBUG 36496 --- [building-service] [           main] o.s.web.client.DefaultRestClient         : Reading to [java.lang.String] as "application/json;charset=UTF-8"
2026-05-05T20:29:25.788+01:00 DEBUG 36496 --- [building-service] [           main] o.s.web.client.DefaultRestClient         : Writing [{unicast=30, id_client=171, id_network=1, id_user=8, token=Oc46IkUzO74h2PjeO879, start_timestamp=2026-05-04T19:29:00, end_timestamp=2026-05-05T19:29:00}] as "application/json" with org.springframework.http.converter.json.JacksonJsonHttpMessageConverter
2026-05-05T20:29:26.376+01:00 DEBUG 36496 --- [building-service] [           main] o.s.web.client.DefaultRestClient         : Reading to [java.lang.String] as "application/json;charset=UTF-8"
2026-05-05T20:29:26.461+01:00 DEBUG 36496 --- [building-service] [           main] o.s.web.client.DefaultRestClient         : Writing [{unicast=30, id_client=171, id_network=1, id_user=8, token=Oc46IkUzO74h2PjeO879, start_timestamp=2026-05-04T19:29:00, end_timestamp=2026-05-05T19:29:00}] as "application/json" with org.springframework.http.converter.json.JacksonJsonHttpMessageConverter
2026-05-05T20:29:26.905+01:00 ERROR 36496 --- [building-service] [           main] c.d.b.service.WaveonFusionService        : WaveOn API error for path /proxy/:81/getLumHistory/: HTTP 500 - {"timestamp":"2026-05-05T19:29:28.051+0000","status":500,"error":"Internal Server Error","message":"500 Internal Server Error","path":"/WS_WAVEON/proxy/:81/getLumHistory/"}
2026-05-05T20:29:26.909+01:00 DEBUG 36496 --- [building-service] [           main] o.s.web.client.DefaultRestClient         : Writing [{unicast=30, id_client=171, id_network=1, id_user=8, token=Oc46IkUzO74h2PjeO879, start_timestamp=2026-05-04T19:29:00, end_timestamp=2026-05-05T19:29:00}] as "application/json" with org.springframework.http.converter.json.JacksonJsonHttpMessageConverter
2026-05-05T20:29:27.865+01:00 DEBUG 36496 --- [building-service] [           main] o.s.web.client.DefaultRestClient         : Reading to [java.lang.String] as "application/json;charset=UTF-8"
2026-05-05T20:29:28.033+01:00 DEBUG 36496 --- [building-service] [           main] o.s.web.client.DefaultRestClient         : Writing [{unicast=30, id_client=171, id_network=1, id_user=8, token=Oc46IkUzO74h2PjeO879, start_timestamp=2026-05-04T19:29:00, end_timestamp=2026-05-05T19:29:00}] as "application/json" with org.springframework.http.converter.json.JacksonJsonHttpMessageConverter
2026-05-05T20:29:29.292+01:00 DEBUG 36496 --- [building-service] [           main] o.s.web.client.DefaultRestClient         : Reading to [java.lang.String] as "application/json;charset=UTF-8"
2026-05-05T20:29:29.514+01:00 DEBUG 36496 --- [building-service] [           main] o.s.web.client.DefaultRestClient         : Writing [{unicast=66300, id_client=171, id_network=1, id_user=8, token=Oc46IkUzO74h2PjeO879, start_time=2026-05-04T19:29, end_time=2026-05-05T19:29}] as "application/json" with org.springframework.http.converter.json.JacksonJsonHttpMessageConverter
2026-05-05T20:29:30.854+01:00 DEBUG 36496 --- [building-service] [           main] o.s.web.client.DefaultRestClient         : Reading to [java.lang.String] as "application/json;charset=UTF-8"
2026-05-05T20:29:30.858+01:00 DEBUG 36496 --- [building-service] [           main] o.s.web.client.DefaultRestClient         : Writing [{unicast=37, id_client=171, id_network=1, id_user=8, token=Oc46IkUzO74h2PjeO879, start_timestamp=2026-05-04T19:29:00, end_timestamp=2026-05-05T19:29:00}] as "application/json" with org.springframework.http.converter.json.JacksonJsonHttpMessageConverter
2026-05-05T20:29:31.879+01:00 ERROR 36496 --- [building-service] [           main] c.d.b.service.WaveonFusionService        : WaveOn API error for path /proxy/:81/getOccupancyHistory/: HTTP 500 - {"timestamp":"2026-05-05T19:29:33.020+0000","status":500,"error":"Internal Server Error","message":"500 Internal Server Error","path":"/WS_WAVEON/proxy/:81/getOccupancyHistory/"}
2026-05-05T20:29:31.883+01:00 DEBUG 36496 --- [building-service] [           main] o.s.web.client.DefaultRestClient         : Writing [{unicast=46, id_client=171, id_network=1, id_user=8, token=Oc46IkUzO74h2PjeO879, start_timestamp=2026-05-04T19:29:00, end_timestamp=2026-05-05T19:29:00}] as "application/json" with org.springframework.http.converter.json.JacksonJsonHttpMessageConverter
2026-05-05T20:29:34.121+01:00 DEBUG 36496 --- [building-service] [           main] o.s.web.client.DefaultRestClient         : Reading to [java.lang.String] as "application/json;charset=UTF-8"
2026-05-05T20:29:34.124+01:00 DEBUG 36496 --- [building-service] [           main] o.s.web.client.DefaultRestClient         : Writing [{unicast=46, id_client=171, id_network=1, id_user=8, token=Oc46IkUzO74h2PjeO879, start_timestamp=2026-05-04T19:29:00, end_timestamp=2026-05-05T19:29:00}] as "application/json" with org.springframework.http.converter.json.JacksonJsonHttpMessageConverter
2026-05-05T20:29:36.001+01:00 DEBUG 36496 --- [building-service] [           main] o.s.web.client.DefaultRestClient         : Reading to [java.lang.String] as "application/json;charset=UTF-8"
2026-05-05T20:29:36.060+01:00 DEBUG 36496 --- [building-service] [           main] o.s.web.client.DefaultRestClient         : Writing [{unicast=66001, id_client=171, id_network=1, id_user=8, token=Oc46IkUzO74h2PjeO879, start_time=2026-05-04T19:29, end_time=2026-05-05T19:29}] as "application/json" with org.springframework.http.converter.json.JacksonJsonHttpMessageConverter
2026-05-05T20:29:37.146+01:00 DEBUG 36496 --- [building-service] [           main] o.s.web.client.DefaultRestClient         : Reading to [java.lang.String] as "application/json;charset=UTF-8"
2026-05-05T20:29:37.149+01:00 DEBUG 36496 --- [building-service] [           main] o.s.web.client.DefaultRestClient         : Writing [{unicast=42, id_client=171, id_network=1, id_user=8, token=Oc46IkUzO74h2PjeO879, start_timestamp=2026-05-04T19:29:00, end_timestamp=2026-05-05T19:29:00}] as "application/json" with org.springframework.http.converter.json.JacksonJsonHttpMessageConverter
2026-05-05T20:29:37.894+01:00 ERROR 36496 --- [building-service] [           main] c.d.b.service.WaveonFusionService        : WaveOn API error for path /proxy/:81/getTempHistory/: HTTP 500 - {"timestamp":"2026-05-05T19:29:39.044+0000","status":500,"error":"Internal Server Error","message":"500 Internal Server Error","path":"/WS_WAVEON/proxy/:81/getTempHistory/"}
2026-05-05T20:29:37.899+01:00 DEBUG 36496 --- [building-service] [           main] o.s.web.client.DefaultRestClient         : Writing [{unicast=66001, id_client=171, id_network=1, id_user=8, token=Oc46IkUzO74h2PjeO879, start_time=2026-05-04T19:29, end_time=2026-05-05T19:29}] as "application/json" with org.springframework.http.converter.json.JacksonJsonHttpMessageConverter
2026-05-05T20:29:39.446+01:00 DEBUG 36496 --- [building-service] [           main] o.s.web.client.DefaultRestClient         : Reading to [java.lang.String] as "application/json;charset=UTF-8"
2026-05-05T20:29:39.449+01:00 DEBUG 36496 --- [building-service] [           main] o.s.web.client.DefaultRestClient         : Writing [{unicast=57, id_client=171, id_network=1, id_user=8, token=Oc46IkUzO74h2PjeO879, start_timestamp=2026-05-04T19:29:00, end_timestamp=2026-05-05T19:29:00}] as "application/json" with org.springframework.http.converter.json.JacksonJsonHttpMessageConverter
2026-05-05T20:29:40.074+01:00 ERROR 36496 --- [building-service] [           main] c.d.b.service.WaveonFusionService        : WaveOn API error for path /proxy/:81/getOccupancyHistory/: HTTP 500 - {"timestamp":"2026-05-05T19:29:41.222+0000","status":500,"error":"Internal Server Error","message":"500 Internal Server Error","path":"/WS_WAVEON/proxy/:81/getOccupancyHistory/"}
2026-05-05T20:29:40.077+01:00 DEBUG 36496 --- [building-service] [           main] o.s.web.client.DefaultRestClient         : Writing [{unicast=57, id_client=171, id_network=1, id_user=8, token=Oc46IkUzO74h2PjeO879, start_timestamp=2026-05-04T19:29:00, end_timestamp=2026-05-05T19:29:00}] as "application/json" with org.springframework.http.converter.json.JacksonJsonHttpMessageConverter
2026-05-05T20:29:40.466+01:00 ERROR 36496 --- [building-service] [           main] c.d.b.service.WaveonFusionService        : WaveOn API error for path /proxy/:81/getTempHistory/: HTTP 500 - {"timestamp":"2026-05-05T19:29:41.612+0000","status":500,"error":"Internal Server Error","message":"500 Internal Server Error","path":"/WS_WAVEON/proxy/:81/getTempHistory/"}
2026-05-05T20:29:40.467+01:00 DEBUG 36496 --- [building-service] [           main] o.s.web.client.DefaultRestClient         : Writing [{unicast=48, id_client=171, id_network=1, id_user=8, token=Oc46IkUzO74h2PjeO879, start_timestamp=2026-05-04T19:29:00, end_timestamp=2026-05-05T19:29:00}] as "application/json" with org.springframework.http.converter.json.JacksonJsonHttpMessageConverter
2026-05-05T20:29:40.991+01:00 ERROR 36496 --- [building-service] [           main] c.d.b.service.WaveonFusionService        : WaveOn API error for path /proxy/:81/getOccupancyHistory/: HTTP 500 - {"timestamp":"2026-05-05T19:29:42.138+0000","status":500,"error":"Internal Server Error","message":"500 Internal Server Error","path":"/WS_WAVEON/proxy/:81/getOccupancyHistory/"}
2026-05-05T20:29:40.992+01:00 DEBUG 36496 --- [building-service] [           main] o.s.web.client.DefaultRestClient         : Writing [{unicast=48, id_client=171, id_network=1, id_user=8, token=Oc46IkUzO74h2PjeO879, start_timestamp=2026-05-04T19:29:00, end_timestamp=2026-05-05T19:29:00}] as "application/json" with org.springframework.http.converter.json.JacksonJsonHttpMessageConverter
2026-05-05T20:29:41.656+01:00 DEBUG 36496 --- [building-service] [           main] o.s.web.client.DefaultRestClient         : Reading to [java.lang.String] as "application/json;charset=UTF-8"
2026-05-05T20:29:41.669+01:00 DEBUG 36496 --- [building-service] [           main] o.s.web.client.DefaultRestClient         : Writing [{unicast=49, id_client=171, id_network=1, id_user=8, token=Oc46IkUzO74h2PjeO879, start_timestamp=2026-05-04T19:29:00, end_timestamp=2026-05-05T19:29:00}] as "application/json" with org.springframework.http.converter.json.JacksonJsonHttpMessageConverter
2026-05-05T20:29:42.142+01:00 ERROR 36496 --- [building-service] [           main] c.d.b.service.WaveonFusionService        : WaveOn API error for path /proxy/:81/getLumHistory/: HTTP 500 - {"timestamp":"2026-05-05T19:29:43.285+0000","status":500,"error":"Internal Server Error","message":"500 Internal Server Error","path":"/WS_WAVEON/proxy/:81/getLumHistory/"}
2026-05-05T20:29:42.143+01:00 DEBUG 36496 --- [building-service] [           main] o.s.web.client.DefaultRestClient         : Writing [{unicast=49, id_client=171, id_network=1, id_user=8, token=Oc46IkUzO74h2PjeO879, start_timestamp=2026-05-04T19:29:00, end_timestamp=2026-05-05T19:29:00}] as "application/json" with org.springframework.http.converter.json.JacksonJsonHttpMessageConverter
2026-05-05T20:29:42.698+01:00 ERROR 36496 --- [building-service] [           main] c.d.b.service.WaveonFusionService        : WaveOn API error for path /proxy/:81/getOccupancyHistory/: HTTP 500 - {"timestamp":"2026-05-05T19:29:43.843+0000","status":500,"error":"Internal Server Error","message":"500 Internal Server Error","path":"/WS_WAVEON/proxy/:81/getOccupancyHistory/"}
2026-05-05T20:29:42.702+01:00 DEBUG 36496 --- [building-service] [           main] o.s.web.client.DefaultRestClient         : Writing [{unicast=66000, id_client=171, id_network=1, id_user=8, token=Oc46IkUzO74h2PjeO879, start_time=2026-05-04T19:29, end_time=2026-05-05T19:29}] as "application/json" with org.springframework.http.converter.json.JacksonJsonHttpMessageConverter
2026-05-05T20:29:43.230+01:00 DEBUG 36496 --- [building-service] [           main] o.s.web.client.DefaultRestClient         : Reading to [java.lang.String] as "application/json;charset=UTF-8"
2026-05-05T20:29:43.339+01:00 DEBUG 36496 --- [building-service] [           main] o.s.web.client.DefaultRestClient         : Writing [{unicast=44, id_client=171, id_network=1, id_user=8, token=Oc46IkUzO74h2PjeO879, start_timestamp=2026-05-04T19:29:00, end_timestamp=2026-05-05T19:29:00}] as "application/json" with org.springframework.http.converter.json.JacksonJsonHttpMessageConverter
2026-05-05T20:29:43.718+01:00 DEBUG 36496 --- [building-service] [           main] o.s.web.client.DefaultRestClient         : Reading to [java.lang.String] as "application/json;charset=UTF-8"
2026-05-05T20:29:43.722+01:00 DEBUG 36496 --- [building-service] [           main] o.s.web.client.DefaultRestClient         : Writing [{unicast=44, id_client=171, id_network=1, id_user=8, token=Oc46IkUzO74h2PjeO879, start_timestamp=2026-05-04T19:29:00, end_timestamp=2026-05-05T19:29:00}] as "application/json" with org.springframework.http.converter.json.JacksonJsonHttpMessageConverter
2026-05-05T20:29:44.210+01:00 DEBUG 36496 --- [building-service] [           main] o.s.web.client.DefaultRestClient         : Reading to [java.lang.String] as "application/json;charset=UTF-8"
2026-05-05T20:29:44.261+01:00 DEBUG 36496 --- [building-service] [           main] o.s.web.client.DefaultRestClient         : Writing [{unicast=66300, id_client=171, id_network=1, id_user=8, token=Oc46IkUzO74h2PjeO879, start_time=2026-05-04T19:29, end_time=2026-05-05T19:29}] as "application/json" with org.springframework.http.converter.json.JacksonJsonHttpMessageConverter
2026-05-05T20:29:45.610+01:00 DEBUG 36496 --- [building-service] [           main] o.s.web.client.DefaultRestClient         : Reading to [java.lang.String] as "application/json;charset=UTF-8"
2026-05-05T20:29:45.614+01:00 DEBUG 36496 --- [building-service] [           main] o.s.web.client.DefaultRestClient         : Writing [{unicast=38, id_client=171, id_network=1, id_user=8, token=Oc46IkUzO74h2PjeO879, start_timestamp=2026-05-04T19:29:00, end_timestamp=2026-05-05T19:29:00}] as "application/json" with org.springframework.http.converter.json.JacksonJsonHttpMessageConverter
2026-05-05T20:29:45.952+01:00 ERROR 36496 --- [building-service] [           main] c.d.b.service.WaveonFusionService        : WaveOn API error for path /proxy/:81/getOccupancyHistory/: HTTP 500 - {"timestamp":"2026-05-05T19:29:47.098+0000","status":500,"error":"Internal Server Error","message":"500 Internal Server Error","path":"/WS_WAVEON/proxy/:81/getOccupancyHistory/"}
2026-05-05T20:29:45.953+01:00 DEBUG 36496 --- [building-service] [           main] o.s.web.client.DefaultRestClient         : Writing [{unicast=50, id_client=171, id_network=1, id_user=8, token=Oc46IkUzO74h2PjeO879, start_timestamp=2026-05-04T19:29:00, end_timestamp=2026-05-05T19:29:00}] as "application/json" with org.springframework.http.converter.json.JacksonJsonHttpMessageConverter
2026-05-05T20:29:46.472+01:00 ERROR 36496 --- [building-service] [           main] c.d.b.service.WaveonFusionService        : WaveOn API error for path /proxy/:81/getLumHistory/: HTTP 500 - {"timestamp":"2026-05-05T19:29:47.613+0000","status":500,"error":"Internal Server Error","message":"500 Internal Server Error","path":"/WS_WAVEON/proxy/:81/getLumHistory/"}
2026-05-05T20:29:46.473+01:00 DEBUG 36496 --- [building-service] [           main] o.s.web.client.DefaultRestClient         : Writing [{unicast=50, id_client=171, id_network=1, id_user=8, token=Oc46IkUzO74h2PjeO879, start_timestamp=2026-05-04T19:29:00, end_timestamp=2026-05-05T19:29:00}] as "application/json" with org.springframework.http.converter.json.JacksonJsonHttpMessageConverter
2026-05-05T20:29:47.048+01:00 ERROR 36496 --- [building-service] [           main] c.d.b.service.WaveonFusionService        : WaveOn API error for path /proxy/:81/getOccupancyHistory/: HTTP 500 - {"timestamp":"2026-05-05T19:29:48.194+0000","status":500,"error":"Internal Server Error","message":"500 Internal Server Error","path":"/WS_WAVEON/proxy/:81/getOccupancyHistory/"}
2026-05-05T20:29:47.049+01:00 DEBUG 36496 --- [building-service] [           main] o.s.web.client.DefaultRestClient         : Writing [{unicast=66001, id_client=171, id_network=1, id_user=8, token=Oc46IkUzO74h2PjeO879, start_time=2026-05-04T19:29, end_time=2026-05-05T19:29}] as "application/json" with org.springframework.http.converter.json.JacksonJsonHttpMessageConverter
2026-05-05T20:29:47.500+01:00 DEBUG 36496 --- [building-service] [           main] o.s.web.client.DefaultRestClient         : Reading to [java.lang.String] as "application/json;charset=UTF-8"
2026-05-05T20:29:47.504+01:00 DEBUG 36496 --- [building-service] [           main] o.s.web.client.DefaultRestClient         : Writing [{unicast=39, id_client=171, id_network=1, id_user=8, token=Oc46IkUzO74h2PjeO879, start_timestamp=2026-05-04T19:29:00, end_timestamp=2026-05-05T19:29:00}] as "application/json" with org.springframework.http.converter.json.JacksonJsonHttpMessageConverter
2026-05-05T20:29:47.891+01:00 ERROR 36496 --- [building-service] [           main] c.d.b.service.WaveonFusionService        : WaveOn API error for path /proxy/:81/getTempHistory/: HTTP 500 - {"timestamp":"2026-05-05T19:29:49.035+0000","status":500,"error":"Internal Server Error","message":"500 Internal Server Error","path":"/WS_WAVEON/proxy/:81/getTempHistory/"}
2026-05-05T20:29:47.895+01:00 DEBUG 36496 --- [building-service] [           main] o.s.web.client.DefaultRestClient         : Writing [{unicast=66000, id_client=171, id_network=1, id_user=8, token=Oc46IkUzO74h2PjeO879, start_time=2026-05-04T19:29, end_time=2026-05-05T19:29}] as "application/json" with org.springframework.http.converter.json.JacksonJsonHttpMessageConverter
2026-05-05T20:29:48.314+01:00 DEBUG 36496 --- [building-service] [           main] o.s.web.client.DefaultRestClient         : Reading to [java.lang.String] as "application/json;charset=UTF-8"
2026-05-05T20:29:48.405+01:00 DEBUG 36496 --- [building-service] [           main] o.s.web.client.DefaultRestClient         : Writing [{unicast=43, id_client=171, id_network=1, id_user=8, token=Oc46IkUzO74h2PjeO879, start_timestamp=2026-05-04T19:29:00, end_timestamp=2026-05-05T19:29:00}] as "application/json" with org.springframework.http.converter.json.JacksonJsonHttpMessageConverter
2026-05-05T20:29:48.860+01:00 DEBUG 36496 --- [building-service] [           main] o.s.web.client.DefaultRestClient         : Reading to [java.lang.String] as "application/json;charset=UTF-8"
2026-05-05T20:29:48.864+01:00 DEBUG 36496 --- [building-service] [           main] o.s.web.client.DefaultRestClient         : Writing [{unicast=43, id_client=171, id_network=1, id_user=8, token=Oc46IkUzO74h2PjeO879, start_timestamp=2026-05-04T19:29:00, end_timestamp=2026-05-05T19:29:00}] as "application/json" with org.springframework.http.converter.json.JacksonJsonHttpMessageConverter
2026-05-05T20:29:49.250+01:00 ERROR 36496 --- [building-service] [           main] c.d.b.service.WaveonFusionService        : WaveOn API error for path /proxy/:81/getOccupancyHistory/: HTTP 500 - {"timestamp":"2026-05-05T19:29:50.395+0000","status":500,"error":"Internal Server Error","message":"500 Internal Server Error","path":"/WS_WAVEON/proxy/:81/getOccupancyHistory/"}
2026-05-05T20:29:49.254+01:00 DEBUG 36496 --- [building-service] [           main] o.s.web.client.DefaultRestClient         : Writing [{unicast=43, id_client=171, id_network=1, id_user=8, token=Oc46IkUzO74h2PjeO879, start_timestamp=2026-05-04T19:29:00, end_timestamp=2026-05-05T19:29:00}] as "application/json" with org.springframework.http.converter.json.JacksonJsonHttpMessageConverter
2026-05-05T20:29:49.773+01:00 ERROR 36496 --- [building-service] [           main] c.d.b.service.WaveonFusionService        : WaveOn API error for path /proxy/:81/getTempHistory/: HTTP 500 - {"timestamp":"2026-05-05T19:29:50.923+0000","status":500,"error":"Internal Server Error","message":"500 Internal Server Error","path":"/WS_WAVEON/proxy/:81/getTempHistory/"}
2026-05-05T20:29:49.775+01:00 DEBUG 36496 --- [building-service] [           main] o.s.web.client.DefaultRestClient         : Writing [{unicast=66001, id_client=171, id_network=1, id_user=8, token=Oc46IkUzO74h2PjeO879, start_time=2026-05-04T19:29, end_time=2026-05-05T19:29}] as "application/json" with org.springframework.http.converter.json.JacksonJsonHttpMessageConverter
2026-05-05T20:29:51.283+01:00 DEBUG 36496 --- [building-service] [           main] o.s.web.client.DefaultRestClient         : Reading to [java.lang.String] as "application/json;charset=UTF-8"
2026-05-05T20:29:51.287+01:00 DEBUG 36496 --- [building-service] [           main] o.s.web.client.DefaultRestClient         : Writing [{unicast=40, id_client=171, id_network=1, id_user=8, token=Oc46IkUzO74h2PjeO879, start_timestamp=2026-05-04T19:29:00, end_timestamp=2026-05-05T19:29:00}] as "application/json" with org.springframework.http.converter.json.JacksonJsonHttpMessageConverter
2026-05-05T20:29:51.556+01:00 ERROR 36496 --- [building-service] [           main] c.d.b.service.WaveonFusionService        : WaveOn API error for path /proxy/:81/getTempHistory/: HTTP 500 - {"timestamp":"2026-05-05T19:29:52.703+0000","status":500,"error":"Internal Server Error","message":"500 Internal Server Error","path":"/WS_WAVEON/proxy/:81/getTempHistory/"}
2026-05-05T20:29:51.560+01:00 DEBUG 36496 --- [building-service] [           main] o.s.web.client.DefaultRestClient         : Writing [{unicast=66000, id_client=171, id_network=1, id_user=8, token=Oc46IkUzO74h2PjeO879, start_time=2026-05-04T19:29, end_time=2026-05-05T19:29}] as "application/json" with org.springframework.http.converter.json.JacksonJsonHttpMessageConverter
2026-05-05T20:29:51.988+01:00 DEBUG 36496 --- [building-service] [           main] o.s.web.client.DefaultRestClient         : Reading to [java.lang.String] as "application/json;charset=UTF-8"
2026-05-05T20:29:52.007+01:00 DEBUG 36496 --- [building-service] [           main] o.s.web.client.DefaultRestClient         : Writing [{unicast=33, id_client=171, id_network=1, id_user=8, token=Oc46IkUzO74h2PjeO879, start_timestamp=2026-05-04T19:29:00, end_timestamp=2026-05-05T19:29:00}] as "application/json" with org.springframework.http.converter.json.JacksonJsonHttpMessageConverter
2026-05-05T20:29:52.417+01:00 ERROR 36496 --- [building-service] [           main] c.d.b.service.WaveonFusionService        : WaveOn API error for path /proxy/:81/getHumHistory/: HTTP 500 - {"timestamp":"2026-05-05T19:29:53.554+0000","status":500,"error":"Internal Server Error","message":"500 Internal Server Error","path":"/WS_WAVEON/proxy/:81/getHumHistory/"}
2026-05-05T20:29:52.420+01:00 DEBUG 36496 --- [building-service] [           main] o.s.web.client.DefaultRestClient         : Writing [{unicast=33, id_client=171, id_network=1, id_user=8, token=Oc46IkUzO74h2PjeO879, start_timestamp=2026-05-04T19:29:00, end_timestamp=2026-05-05T19:29:00}] as "application/json" with org.springframework.http.converter.json.JacksonJsonHttpMessageConverter
2026-05-05T20:29:52.935+01:00 DEBUG 36496 --- [building-service] [           main] o.s.web.client.DefaultRestClient         : Reading to [java.lang.String] as "application/json;charset=UTF-8"
2026-05-05T20:29:52.961+01:00 DEBUG 36496 --- [building-service] [           main] o.s.web.client.DefaultRestClient         : Writing [{unicast=33, id_client=171, id_network=1, id_user=8, token=Oc46IkUzO74h2PjeO879, start_timestamp=2026-05-04T19:29:00, end_timestamp=2026-05-05T19:29:00}] as "application/json" with org.springframework.http.converter.json.JacksonJsonHttpMessageConverter
2026-05-05T20:29:53.474+01:00 ERROR 36496 --- [building-service] [           main] c.d.b.service.WaveonFusionService        : WaveOn API error for path /proxy/:81/getOccupancyHistory/: HTTP 500 - {"timestamp":"2026-05-05T19:29:54.617+0000","status":500,"error":"Internal Server Error","message":"500 Internal Server Error","path":"/WS_WAVEON/proxy/:81/getOccupancyHistory/"}
2026-05-05T20:29:53.478+01:00 DEBUG 36496 --- [building-service] [           main] o.s.web.client.DefaultRestClient         : Writing [{unicast=33, id_client=171, id_network=1, id_user=8, token=Oc46IkUzO74h2PjeO879, start_timestamp=2026-05-04T19:29:00, end_timestamp=2026-05-05T19:29:00}] as "application/json" with org.springframework.http.converter.json.JacksonJsonHttpMessageConverter
2026-05-05T20:29:53.884+01:00 ERROR 36496 --- [building-service] [           main] c.d.b.service.WaveonFusionService        : WaveOn API error for path /proxy/:81/getTempHistory/: HTTP 500 - {"timestamp":"2026-05-05T19:29:55.030+0000","status":500,"error":"Internal Server Error","message":"500 Internal Server Error","path":"/WS_WAVEON/proxy/:81/getTempHistory/"}
2026-05-05T20:29:53.888+01:00 DEBUG 36496 --- [building-service] [           main] o.s.web.client.DefaultRestClient         : Writing [{unicast=66300, id_client=171, id_network=1, id_user=8, token=Oc46IkUzO74h2PjeO879, start_time=2026-05-04T19:29, end_time=2026-05-05T19:29}] as "application/json" with org.springframework.http.converter.json.JacksonJsonHttpMessageConverter
2026-05-05T20:29:54.272+01:00 DEBUG 36496 --- [building-service] [           main] o.s.web.client.DefaultRestClient         : Reading to [java.lang.String] as "application/json;charset=UTF-8"
2026-05-05T20:29:54.276+01:00 DEBUG 36496 --- [building-service] [           main] o.s.web.client.DefaultRestClient         : Writing [{unicast=35, id_client=171, id_network=1, id_user=8, token=Oc46IkUzO74h2PjeO879, start_timestamp=2026-05-04T19:29:00, end_timestamp=2026-05-05T19:29:00}] as "application/json" with org.springframework.http.converter.json.JacksonJsonHttpMessageConverter
2026-05-05T20:29:54.766+01:00 ERROR 36496 --- [building-service] [           main] c.d.b.service.WaveonFusionService        : WaveOn API error for path /proxy/:81/getOccupancyHistory/: HTTP 500 - {"timestamp":"2026-05-05T19:29:55.912+0000","status":500,"error":"Internal Server Error","message":"500 Internal Server Error","path":"/WS_WAVEON/proxy/:81/getOccupancyHistory/"}
2026-05-05T20:29:54.770+01:00 DEBUG 36496 --- [building-service] [           main] o.s.web.client.DefaultRestClient         : Writing [{unicast=66300, id_client=171, id_network=1, id_user=8, token=Oc46IkUzO74h2PjeO879, start_time=2026-05-04T19:29, end_time=2026-05-05T19:29}] as "application/json" with org.springframework.http.converter.json.JacksonJsonHttpMessageConverter
2026-05-05T20:29:55.325+01:00 DEBUG 36496 --- [building-service] [           main] o.s.web.client.DefaultRestClient         : Reading to [java.lang.String] as "application/json;charset=UTF-8"
2026-05-05T20:29:55.329+01:00 DEBUG 36496 --- [building-service] [           main] o.s.web.client.DefaultRestClient         : Writing [{unicast=34, id_client=171, id_network=1, id_user=8, token=Oc46IkUzO74h2PjeO879, start_timestamp=2026-05-04T19:29:00, end_timestamp=2026-05-05T19:29:00}] as "application/json" with org.springframework.http.converter.json.JacksonJsonHttpMessageConverter
2026-05-05T20:29:55.771+01:00 DEBUG 36496 --- [building-service] [           main] o.s.web.client.DefaultRestClient         : Reading to [java.lang.String] as "application/json;charset=UTF-8"
2026-05-05T20:29:55.776+01:00 DEBUG 36496 --- [building-service] [           main] o.s.web.client.DefaultRestClient         : Writing [{unicast=66000, id_client=171, id_network=1, id_user=8, token=Oc46IkUzO74h2PjeO879, start_time=2026-05-04T19:29, end_time=2026-05-05T19:29}] as "application/json" with org.springframework.http.converter.json.JacksonJsonHttpMessageConverter
2026-05-05T20:29:56.619+01:00 DEBUG 36496 --- [building-service] [           main] o.s.web.client.DefaultRestClient         : Reading to [java.lang.String] as "application/json;charset=UTF-8"
2026-05-05T20:29:56.707+01:00 DEBUG 36496 --- [building-service] [           main] o.s.web.client.DefaultRestClient         : Writing [{unicast=51, id_client=171, id_network=1, id_user=8, token=Oc46IkUzO74h2PjeO879, start_timestamp=2026-05-04T19:29:00, end_timestamp=2026-05-05T19:29:00}] as "application/json" with org.springframework.http.converter.json.JacksonJsonHttpMessageConverter
2026-05-05T20:29:57.266+01:00 ERROR 36496 --- [building-service] [           main] c.d.b.service.WaveonFusionService        : WaveOn API error for path /proxy/:81/getHumHistory/: HTTP 500 - {"timestamp":"2026-05-05T19:29:58.409+0000","status":500,"error":"Internal Server Error","message":"500 Internal Server Error","path":"/WS_WAVEON/proxy/:81/getHumHistory/"}
2026-05-05T20:29:57.269+01:00 DEBUG 36496 --- [building-service] [           main] o.s.web.client.DefaultRestClient         : Writing [{unicast=51, id_client=171, id_network=1, id_user=8, token=Oc46IkUzO74h2PjeO879, start_timestamp=2026-05-04T19:29:00, end_timestamp=2026-05-05T19:29:00}] as "application/json" with org.springframework.http.converter.json.JacksonJsonHttpMessageConverter
2026-05-05T20:29:57.764+01:00 ERROR 36496 --- [building-service] [           main] c.d.b.service.WaveonFusionService        : WaveOn API error for path /proxy/:81/getOccupancyHistory/: HTTP 500 - {"timestamp":"2026-05-05T19:29:58.915+0000","status":500,"error":"Internal Server Error","message":"500 Internal Server Error","path":"/WS_WAVEON/proxy/:81/getOccupancyHistory/"}
2026-05-05T20:29:57.768+01:00 DEBUG 36496 --- [building-service] [           main] o.s.web.client.DefaultRestClient         : Writing [{unicast=51, id_client=171, id_network=1, id_user=8, token=Oc46IkUzO74h2PjeO879, start_timestamp=2026-05-04T19:29:00, end_timestamp=2026-05-05T19:29:00}] as "application/json" with org.springframework.http.converter.json.JacksonJsonHttpMessageConverter
2026-05-05T20:29:58.301+01:00 ERROR 36496 --- [building-service] [           main] c.d.b.service.WaveonFusionService        : WaveOn API error for path /proxy/:81/getTempHistory/: HTTP 500 - {"timestamp":"2026-05-05T19:29:59.451+0000","status":500,"error":"Internal Server Error","message":"500 Internal Server Error","path":"/WS_WAVEON/proxy/:81/getTempHistory/"}
2026-05-05T20:29:58.308+01:00 DEBUG 36496 --- [building-service] [           main] o.s.web.client.DefaultRestClient         : Writing [{unicast=66001, id_client=171, id_network=1, id_user=8, token=Oc46IkUzO74h2PjeO879, start_time=2026-05-04T19:29, end_time=2026-05-05T19:29}] as "application/json" with org.springframework.http.converter.json.JacksonJsonHttpMessageConverter
2026-05-05T20:29:58.958+01:00 DEBUG 36496 --- [building-service] [           main] o.s.web.client.DefaultRestClient         : Reading to [java.lang.String] as "application/json;charset=UTF-8"
2026-05-05T20:29:58.959+01:00 DEBUG 36496 --- [building-service] [           main] o.s.web.client.DefaultRestClient         : Writing [{unicast=59, id_client=171, id_network=1, id_user=8, token=Oc46IkUzO74h2PjeO879, start_timestamp=2026-05-04T19:29:00, end_timestamp=2026-05-05T19:29:00}] as "application/json" with org.springframework.http.converter.json.JacksonJsonHttpMessageConverter
2026-05-05T20:29:59.346+01:00 ERROR 36496 --- [building-service] [           main] c.d.b.service.WaveonFusionService        : WaveOn API error for path /proxy/:81/getOccupancyHistory/: HTTP 500 - {"timestamp":"2026-05-05T19:30:00.494+0000","status":500,"error":"Internal Server Error","message":"500 Internal Server Error","path":"/WS_WAVEON/proxy/:81/getOccupancyHistory/"}
2026-05-05T20:29:59.350+01:00 DEBUG 36496 --- [building-service] [           main] o.s.web.client.DefaultRestClient         : Writing [{unicast=59, id_client=171, id_network=1, id_user=8, token=Oc46IkUzO74h2PjeO879, start_timestamp=2026-05-04T19:29:00, end_timestamp=2026-05-05T19:29:00}] as "application/json" with org.springframework.http.converter.json.JacksonJsonHttpMessageConverter
2026-05-05T20:30:00.058+01:00 DEBUG 36496 --- [building-service] [           main] o.s.web.client.DefaultRestClient         : Reading to [java.lang.String] as "application/json;charset=UTF-8"
2026-05-05T20:30:00.073+01:00 DEBUG 36496 --- [building-service] [           main] o.s.web.client.DefaultRestClient         : Writing [{unicast=66001, id_client=171, id_network=1, id_user=8, token=Oc46IkUzO74h2PjeO879, start_time=2026-05-04T19:30, end_time=2026-05-05T19:30}] as "application/json" with org.springframework.http.converter.json.JacksonJsonHttpMessageConverter
2026-05-05T20:30:00.424+01:00 DEBUG 36496 --- [building-service] [           main] o.s.web.client.DefaultRestClient         : Reading to [java.lang.String] as "application/json;charset=UTF-8"
2026-05-05T20:30:00.426+01:00 DEBUG 36496 --- [building-service] [           main] o.s.web.client.DefaultRestClient         : Writing [{unicast=58, id_client=171, id_network=1, id_user=8, token=Oc46IkUzO74h2PjeO879, start_timestamp=2026-05-04T19:30:00, end_timestamp=2026-05-05T19:30:00}] as "application/json" with org.springframework.http.converter.json.JacksonJsonHttpMessageConverter
2026-05-05T20:30:00.896+01:00 ERROR 36496 --- [building-service] [           main] c.d.b.service.WaveonFusionService        : WaveOn API error for path /proxy/:81/getOccupancyHistory/: HTTP 500 - {"timestamp":"2026-05-05T19:30:02.040+0000","status":500,"error":"Internal Server Error","message":"500 Internal Server Error","path":"/WS_WAVEON/proxy/:81/getOccupancyHistory/"}
2026-05-05T20:30:00.897+01:00 DEBUG 36496 --- [building-service] [           main] o.s.web.client.DefaultRestClient         : Writing [{unicast=58, id_client=171, id_network=1, id_user=8, token=Oc46IkUzO74h2PjeO879, start_timestamp=2026-05-04T19:30:00, end_timestamp=2026-05-05T19:30:00}] as "application/json" with org.springframework.http.converter.json.JacksonJsonHttpMessageConverter
2026-05-05T20:30:01.495+01:00 ERROR 36496 --- [building-service] [           main] c.d.b.service.WaveonFusionService        : WaveOn API error for path /proxy/:81/getTempHistory/: HTTP 500 - {"timestamp":"2026-05-05T19:30:02.641+0000","status":500,"error":"Internal Server Error","message":"500 Internal Server Error","path":"/WS_WAVEON/proxy/:81/getTempHistory/"}
2026-05-05T20:30:01.497+01:00 DEBUG 36496 --- [building-service] [           main] o.s.web.client.DefaultRestClient         : Writing [{unicast=66001, id_client=171, id_network=1, id_user=8, token=Oc46IkUzO74h2PjeO879, start_time=2026-05-04T19:30, end_time=2026-05-05T19:30}] as "application/json" with org.springframework.http.converter.json.JacksonJsonHttpMessageConverter
2026-05-05T20:30:01.962+01:00 DEBUG 36496 --- [building-service] [           main] o.s.web.client.DefaultRestClient         : Reading to [java.lang.String] as "application/json;charset=UTF-8"
2026-05-05T20:30:01.966+01:00 DEBUG 36496 --- [building-service] [           main] o.s.web.client.DefaultRestClient         : Writing [{unicast=56, id_client=171, id_network=1, id_user=8, token=Oc46IkUzO74h2PjeO879, start_timestamp=2026-05-04T19:30:00, end_timestamp=2026-05-05T19:30:00}] as "application/json" with org.springframework.http.converter.json.JacksonJsonHttpMessageConverter
2026-05-05T20:30:02.869+01:00 ERROR 36496 --- [building-service] [           main] c.d.b.service.WaveonFusionService        : WaveOn API error for path /proxy/:81/getOccupancyHistory/: HTTP 500 - {"timestamp":"2026-05-05T19:30:04.019+0000","status":500,"error":"Internal Server Error","message":"500 Internal Server Error","path":"/WS_WAVEON/proxy/:81/getOccupancyHistory/"}
2026-05-05T20:30:02.873+01:00 DEBUG 36496 --- [building-service] [           main] o.s.web.client.DefaultRestClient         : Writing [{unicast=56, id_client=171, id_network=1, id_user=8, token=Oc46IkUzO74h2PjeO879, start_timestamp=2026-05-04T19:30:00, end_timestamp=2026-05-05T19:30:00}] as "application/json" with org.springframework.http.converter.json.JacksonJsonHttpMessageConverter
2026-05-05T20:30:03.435+01:00 ERROR 36496 --- [building-service] [           main] c.d.b.service.WaveonFusionService        : WaveOn API error for path /proxy/:81/getTempHistory/: HTTP 500 - {"timestamp":"2026-05-05T19:30:04.580+0000","status":500,"error":"Internal Server Error","message":"500 Internal Server Error","path":"/WS_WAVEON/proxy/:81/getTempHistory/"}
2026-05-05T20:30:03.439+01:00 DEBUG 36496 --- [building-service] [           main] o.s.web.client.DefaultRestClient         : Writing [{unicast=66000, id_client=171, id_network=1, id_user=8, token=Oc46IkUzO74h2PjeO879, start_time=2026-05-04T19:30, end_time=2026-05-05T19:30}] as "application/json" with org.springframework.http.converter.json.JacksonJsonHttpMessageConverter
2026-05-05T20:30:04.004+01:00 DEBUG 36496 --- [building-service] [           main] o.s.web.client.DefaultRestClient         : Reading to [java.lang.String] as "application/json;charset=UTF-8"
2026-05-05T20:30:04.101+01:00 DEBUG 36496 --- [building-service] [           main] o.s.web.client.DefaultRestClient         : Writing [{unicast=54, id_client=171, id_network=1, id_user=8, token=Oc46IkUzO74h2PjeO879, start_timestamp=2026-05-04T19:30:00, end_timestamp=2026-05-05T19:30:00}] as "application/json" with org.springframework.http.converter.json.JacksonJsonHttpMessageConverter
2026-05-05T20:30:04.704+01:00 ERROR 36496 --- [building-service] [           main] c.d.b.service.WaveonFusionService        : WaveOn API error for path /proxy/:81/getOccupancyHistory/: HTTP 500 - {"timestamp":"2026-05-05T19:30:05.852+0000","status":500,"error":"Internal Server Error","message":"500 Internal Server Error","path":"/WS_WAVEON/proxy/:81/getOccupancyHistory/"}
2026-05-05T20:30:04.708+01:00 DEBUG 36496 --- [building-service] [           main] o.s.web.client.DefaultRestClient         : Writing [{unicast=54, id_client=171, id_network=1, id_user=8, token=Oc46IkUzO74h2PjeO879, start_timestamp=2026-05-04T19:30:00, end_timestamp=2026-05-05T19:30:00}] as "application/json" with org.springframework.http.converter.json.JacksonJsonHttpMessageConverter
2026-05-05T20:30:05.259+01:00 ERROR 36496 --- [building-service] [           main] c.d.b.service.WaveonFusionService        : WaveOn API error for path /proxy/:81/getTempHistory/: HTTP 500 - {"timestamp":"2026-05-05T19:30:06.410+0000","status":500,"error":"Internal Server Error","message":"500 Internal Server Error","path":"/WS_WAVEON/proxy/:81/getTempHistory/"}
2026-05-05T20:30:05.261+01:00 DEBUG 36496 --- [building-service] [           main] o.s.web.client.DefaultRestClient         : Writing [{unicast=66000, id_client=171, id_network=1, id_user=8, token=Oc46IkUzO74h2PjeO879, start_time=2026-05-04T19:30, end_time=2026-05-05T19:30}] as "application/json" with org.springframework.http.converter.json.JacksonJsonHttpMessageConverter
2026-05-05T20:30:06.124+01:00 DEBUG 36496 --- [building-service] [           main] o.s.web.client.DefaultRestClient         : Reading to [java.lang.String] as "application/json;charset=UTF-8"
2026-05-05T20:30:06.226+01:00 DEBUG 36496 --- [building-service] [           main] o.s.web.client.DefaultRestClient         : Writing [{unicast=53, id_client=171, id_network=1, id_user=8, token=Oc46IkUzO74h2PjeO879, start_timestamp=2026-05-04T19:30:00, end_timestamp=2026-05-05T19:30:00}] as "application/json" with org.springframework.http.converter.json.JacksonJsonHttpMessageConverter
2026-05-05T20:30:06.887+01:00 ERROR 36496 --- [building-service] [           main] c.d.b.service.WaveonFusionService        : WaveOn API error for path /proxy/:81/getOccupancyHistory/: HTTP 500 - {"timestamp":"2026-05-05T19:30:08.033+0000","status":500,"error":"Internal Server Error","message":"500 Internal Server Error","path":"/WS_WAVEON/proxy/:81/getOccupancyHistory/"}
2026-05-05T20:30:06.888+01:00 DEBUG 36496 --- [building-service] [           main] o.s.web.client.DefaultRestClient         : Writing [{unicast=53, id_client=171, id_network=1, id_user=8, token=Oc46IkUzO74h2PjeO879, start_timestamp=2026-05-04T19:30:00, end_timestamp=2026-05-05T19:30:00}] as "application/json" with org.springframework.http.converter.json.JacksonJsonHttpMessageConverter
2026-05-05T20:30:07.588+01:00 ERROR 36496 --- [building-service] [           main] c.d.b.service.WaveonFusionService        : WaveOn API error for path /proxy/:81/getTempHistory/: HTTP 500 - {"timestamp":"2026-05-05T19:30:08.727+0000","status":500,"error":"Internal Server Error","message":"500 Internal Server Error","path":"/WS_WAVEON/proxy/:81/getTempHistory/"}
2026-05-05T20:30:07.592+01:00 DEBUG 36496 --- [building-service] [           main] o.s.web.client.DefaultRestClient         : Writing [{unicast=66000, id_client=171, id_network=1, id_user=8, token=Oc46IkUzO74h2PjeO879, start_time=2026-05-04T19:30, end_time=2026-05-05T19:30}] as "application/json" with org.springframework.http.converter.json.JacksonJsonHttpMessageConverter
2026-05-05T20:30:08.759+01:00 DEBUG 36496 --- [building-service] [           main] o.s.web.client.DefaultRestClient         : Reading to [java.lang.String] as "application/json;charset=UTF-8"
2026-05-05T20:30:08.851+01:00 DEBUG 36496 --- [building-service] [           main] o.s.web.client.DefaultRestClient         : Writing [{unicast=55, id_client=171, id_network=1, id_user=8, token=Oc46IkUzO74h2PjeO879, start_timestamp=2026-05-04T19:30:00, end_timestamp=2026-05-05T19:30:00}] as "application/json" with org.springframework.http.converter.json.JacksonJsonHttpMessageConverter
2026-05-05T20:30:09.293+01:00 ERROR 36496 --- [building-service] [           main] c.d.b.service.WaveonFusionService        : WaveOn API error for path /proxy/:81/getOccupancyHistory/: HTTP 500 - {"timestamp":"2026-05-05T19:30:10.443+0000","status":500,"error":"Internal Server Error","message":"500 Internal Server Error","path":"/WS_WAVEON/proxy/:81/getOccupancyHistory/"}
2026-05-05T20:30:09.297+01:00 DEBUG 36496 --- [building-service] [           main] o.s.web.client.DefaultRestClient         : Writing [{unicast=55, id_client=171, id_network=1, id_user=8, token=Oc46IkUzO74h2PjeO879, start_timestamp=2026-05-04T19:30:00, end_timestamp=2026-05-05T19:30:00}] as "application/json" with org.springframework.http.converter.json.JacksonJsonHttpMessageConverter
2026-05-05T20:30:09.814+01:00 ERROR 36496 --- [building-service] [           main] c.d.b.service.WaveonFusionService        : WaveOn API error for path /proxy/:81/getTempHistory/: HTTP 500 - {"timestamp":"2026-05-05T19:30:10.959+0000","status":500,"error":"Internal Server Error","message":"500 Internal Server Error","path":"/WS_WAVEON/proxy/:81/getTempHistory/"}
2026-05-05T20:30:09.818+01:00 DEBUG 36496 --- [building-service] [           main] o.s.web.client.DefaultRestClient         : Writing [{unicast=66000, id_client=171, id_network=1, id_user=8, token=Oc46IkUzO74h2PjeO879, start_time=2026-05-04T19:30, end_time=2026-05-05T19:30}] as "application/json" with org.springframework.http.converter.json.JacksonJsonHttpMessageConverter
2026-05-05T20:30:10.587+01:00 DEBUG 36496 --- [building-service] [           main] o.s.web.client.DefaultRestClient         : Reading to [java.lang.String] as "application/json;charset=UTF-8"
2026-05-05T20:30:10.675+01:00 DEBUG 36496 --- [building-service] [           main] o.s.web.client.DefaultRestClient         : Writing [{unicast=52, id_client=171, id_network=1, id_user=8, token=Oc46IkUzO74h2PjeO879, start_timestamp=2026-05-04T19:30:00, end_timestamp=2026-05-05T19:30:00}] as "application/json" with org.springframework.http.converter.json.JacksonJsonHttpMessageConverter
2026-05-05T20:30:11.812+01:00 ERROR 36496 --- [building-service] [           main] c.d.b.service.WaveonFusionService        : WaveOn API error for path /proxy/:81/getOccupancyHistory/: HTTP 500 - {"timestamp":"2026-05-05T19:30:12.961+0000","status":500,"error":"Internal Server Error","message":"500 Internal Server Error","path":"/WS_WAVEON/proxy/:81/getOccupancyHistory/"}
2026-05-05T20:30:11.812+01:00 DEBUG 36496 --- [building-service] [           main] o.s.web.client.DefaultRestClient         : Writing [{unicast=52, id_client=171, id_network=1, id_user=8, token=Oc46IkUzO74h2PjeO879, start_timestamp=2026-05-04T19:30:00, end_timestamp=2026-05-05T19:30:00}] as "application/json" with org.springframework.http.converter.json.JacksonJsonHttpMessageConverter
2026-05-05T20:30:12.281+01:00 ERROR 36496 --- [building-service] [           main] c.d.b.service.WaveonFusionService        : WaveOn API error for path /proxy/:81/getTempHistory/: HTTP 500 - {"timestamp":"2026-05-05T19:30:13.423+0000","status":500,"error":"Internal Server Error","message":"500 Internal Server Error","path":"/WS_WAVEON/proxy/:81/getTempHistory/"}
2026-05-05T20:30:12.285+01:00 DEBUG 36496 --- [building-service] [           main] o.s.web.client.DefaultRestClient         : Writing [{unicast=66000, id_client=171, id_network=1, id_user=8, token=Oc46IkUzO74h2PjeO879, start_time=2026-05-04T19:30, end_time=2026-05-05T19:30}] as "application/json" with org.springframework.http.converter.json.JacksonJsonHttpMessageConverter
2026-05-05T20:30:12.759+01:00 DEBUG 36496 --- [building-service] [           main] o.s.web.client.DefaultRestClient         : Reading to [java.lang.String] as "application/json;charset=UTF-8"
2026-05-05T20:30:12.845+01:00 DEBUG 36496 --- [building-service] [           main] o.s.web.client.DefaultRestClient         : Writing [{unicast=4, id_client=171, id_network=1, id_user=8, token=Oc46IkUzO74h2PjeO879, start_timestamp=2026-05-04T19:30:00, end_timestamp=2026-05-05T19:30:00}] as "application/json" with org.springframework.http.converter.json.JacksonJsonHttpMessageConverter
2026-05-05T20:30:13.313+01:00 ERROR 36496 --- [building-service] [           main] c.d.b.service.WaveonFusionService        : WaveOn API error for path /proxy/:81/getHumHistory/: HTTP 500 - {"timestamp":"2026-05-05T19:30:14.456+0000","status":500,"error":"Internal Server Error","message":"500 Internal Server Error","path":"/WS_WAVEON/proxy/:81/getHumHistory/"}
2026-05-05T20:30:13.316+01:00 DEBUG 36496 --- [building-service] [           main] o.s.web.client.DefaultRestClient         : Writing [{unicast=4, id_client=171, id_network=1, id_user=8, token=Oc46IkUzO74h2PjeO879, start_timestamp=2026-05-04T19:30:00, end_timestamp=2026-05-05T19:30:00}] as "application/json" with org.springframework.http.converter.json.JacksonJsonHttpMessageConverter
2026-05-05T20:30:14.713+01:00 DEBUG 36496 --- [building-service] [           main] o.s.web.client.DefaultRestClient         : Reading to [java.lang.String] as "application/json;charset=UTF-8"
2026-05-05T20:30:14.717+01:00 DEBUG 36496 --- [building-service] [           main] o.s.web.client.DefaultRestClient         : Writing [{unicast=4, id_client=171, id_network=1, id_user=8, token=Oc46IkUzO74h2PjeO879, start_timestamp=2026-05-04T19:30:00, end_timestamp=2026-05-05T19:30:00}] as "application/json" with org.springframework.http.converter.json.JacksonJsonHttpMessageConverter
2026-05-05T20:30:15.132+01:00 ERROR 36496 --- [building-service] [           main] c.d.b.service.WaveonFusionService        : WaveOn API error for path /proxy/:81/getOccupancyHistory/: HTTP 500 - {"timestamp":"2026-05-05T19:30:16.278+0000","status":500,"error":"Internal Server Error","message":"500 Internal Server Error","path":"/WS_WAVEON/proxy/:81/getOccupancyHistory/"}
2026-05-05T20:30:15.136+01:00 DEBUG 36496 --- [building-service] [           main] o.s.web.client.DefaultRestClient         : Writing [{unicast=4, id_client=171, id_network=1, id_user=8, token=Oc46IkUzO74h2PjeO879, start_timestamp=2026-05-04T19:30:00, end_timestamp=2026-05-05T19:30:00}] as "application/json" with org.springframework.http.converter.json.JacksonJsonHttpMessageConverter
2026-05-05T20:30:15.638+01:00 ERROR 36496 --- [building-service] [           main] c.d.b.service.WaveonFusionService        : WaveOn API error for path /proxy/:81/getTempHistory/: HTTP 500 - {"timestamp":"2026-05-05T19:30:16.783+0000","status":500,"error":"Internal Server Error","message":"500 Internal Server Error","path":"/WS_WAVEON/proxy/:81/getTempHistory/"}
2026-05-05T20:30:15.642+01:00 DEBUG 36496 --- [building-service] [           main] o.s.web.client.DefaultRestClient         : Writing [{unicast=66000, id_client=171, id_network=1, id_user=8, token=Oc46IkUzO74h2PjeO879, start_time=2026-05-04T19:30, end_time=2026-05-05T19:30}] as "application/json" with org.springframework.http.converter.json.JacksonJsonHttpMessageConverter
2026-05-05T20:30:16.198+01:00 DEBUG 36496 --- [building-service] [           main] o.s.web.client.DefaultRestClient         : Reading to [java.lang.String] as "application/json;charset=UTF-8"
2026-05-05T20:30:16.291+01:00 DEBUG 36496 --- [building-service] [           main] o.s.web.client.DefaultRestClient         : Writing [{unicast=7, id_client=171, id_network=1, id_user=8, token=Oc46IkUzO74h2PjeO879, start_timestamp=2026-05-04T19:30:00, end_timestamp=2026-05-05T19:30:00}] as "application/json" with org.springframework.http.converter.json.JacksonJsonHttpMessageConverter
2026-05-05T20:30:17.042+01:00 DEBUG 36496 --- [building-service] [           main] o.s.web.client.DefaultRestClient         : Reading to [java.lang.String] as "application/json;charset=UTF-8"
2026-05-05T20:30:17.114+01:00 DEBUG 36496 --- [building-service] [           main] o.s.web.client.DefaultRestClient         : Writing [{unicast=7, id_client=171, id_network=1, id_user=8, token=Oc46IkUzO74h2PjeO879, start_timestamp=2026-05-04T19:30:00, end_timestamp=2026-05-05T19:30:00}] as "application/json" with org.springframework.http.converter.json.JacksonJsonHttpMessageConverter
2026-05-05T20:30:17.540+01:00 DEBUG 36496 --- [building-service] [           main] o.s.web.client.DefaultRestClient         : Reading to [java.lang.String] as "application/json;charset=UTF-8"
2026-05-05T20:30:17.604+01:00 DEBUG 36496 --- [building-service] [           main] o.s.web.client.DefaultRestClient         : Writing [{unicast=66000, id_client=171, id_network=1, id_user=8, token=Oc46IkUzO74h2PjeO879, start_time=2026-05-04T19:30, end_time=2026-05-05T19:30}] as "application/json" with org.springframework.http.converter.json.JacksonJsonHttpMessageConverter
2026-05-05T20:30:18.175+01:00 DEBUG 36496 --- [building-service] [           main] o.s.web.client.DefaultRestClient         : Reading to [java.lang.String] as "application/json;charset=UTF-8"
2026-05-05T20:30:18.281+01:00 DEBUG 36496 --- [building-service] [           main] o.s.web.client.DefaultRestClient         : Writing [{unicast=5, id_client=171, id_network=1, id_user=8, token=Oc46IkUzO74h2PjeO879, start_timestamp=2026-05-04T19:30:00, end_timestamp=2026-05-05T19:30:00}] as "application/json" with org.springframework.http.converter.json.JacksonJsonHttpMessageConverter
2026-05-05T20:30:18.713+01:00 ERROR 36496 --- [building-service] [           main] c.d.b.service.WaveonFusionService        : WaveOn API error for path /proxy/:81/getHumHistory/: HTTP 500 - {"timestamp":"2026-05-05T19:30:19.848+0000","status":500,"error":"Internal Server Error","message":"500 Internal Server Error","path":"/WS_WAVEON/proxy/:81/getHumHistory/"}
2026-05-05T20:30:18.717+01:00 DEBUG 36496 --- [building-service] [           main] o.s.web.client.DefaultRestClient         : Writing [{unicast=5, id_client=171, id_network=1, id_user=8, token=Oc46IkUzO74h2PjeO879, start_timestamp=2026-05-04T19:30:00, end_timestamp=2026-05-05T19:30:00}] as "application/json" with org.springframework.http.converter.json.JacksonJsonHttpMessageConverter
2026-05-05T20:30:19.454+01:00 ERROR 36496 --- [building-service] [           main] c.d.b.service.WaveonFusionService        : WaveOn API error for path /proxy/:81/getLumHistory/: HTTP 500 - {"timestamp":"2026-05-05T19:30:20.604+0000","status":500,"error":"Internal Server Error","message":"500 Internal Server Error","path":"/WS_WAVEON/proxy/:81/getLumHistory/"}
2026-05-05T20:30:19.458+01:00 DEBUG 36496 --- [building-service] [           main] o.s.web.client.DefaultRestClient         : Writing [{unicast=5, id_client=171, id_network=1, id_user=8, token=Oc46IkUzO74h2PjeO879, start_timestamp=2026-05-04T19:30:00, end_timestamp=2026-05-05T19:30:00}] as "application/json" with org.springframework.http.converter.json.JacksonJsonHttpMessageConverter
2026-05-05T20:30:20.787+01:00 DEBUG 36496 --- [building-service] [           main] o.s.web.client.DefaultRestClient         : Reading to [java.lang.String] as "application/json;charset=UTF-8"
2026-05-05T20:30:20.791+01:00 DEBUG 36496 --- [building-service] [           main] o.s.web.client.DefaultRestClient         : Writing [{unicast=5, id_client=171, id_network=1, id_user=8, token=Oc46IkUzO74h2PjeO879, start_timestamp=2026-05-04T19:30:00, end_timestamp=2026-05-05T19:30:00}] as "application/json" with org.springframework.http.converter.json.JacksonJsonHttpMessageConverter
2026-05-05T20:30:21.262+01:00 ERROR 36496 --- [building-service] [           main] c.d.b.service.WaveonFusionService        : WaveOn API error for path /proxy/:81/getTempHistory/: HTTP 500 - {"timestamp":"2026-05-05T19:30:22.411+0000","status":500,"error":"Internal Server Error","message":"500 Internal Server Error","path":"/WS_WAVEON/proxy/:81/getTempHistory/"}
2026-05-05T20:30:21.266+01:00 DEBUG 36496 --- [building-service] [           main] o.s.web.client.DefaultRestClient         : Writing [{unicast=66000, id_client=171, id_network=1, id_user=8, token=Oc46IkUzO74h2PjeO879, start_time=2026-05-04T19:30, end_time=2026-05-05T19:30}] as "application/json" with org.springframework.http.converter.json.JacksonJsonHttpMessageConverter
2026-05-05T20:30:21.794+01:00 DEBUG 36496 --- [building-service] [           main] o.s.web.client.DefaultRestClient         : Reading to [java.lang.String] as "application/json;charset=UTF-8"
2026-05-05T20:30:21.876+01:00 DEBUG 36496 --- [building-service] [           main] o.s.web.client.DefaultRestClient         : Writing [{unicast=6, id_client=171, id_network=1, id_user=8, token=Oc46IkUzO74h2PjeO879, start_timestamp=2026-05-04T19:30:00, end_timestamp=2026-05-05T19:30:00}] as "application/json" with org.springframework.http.converter.json.JacksonJsonHttpMessageConverter
2026-05-05T20:30:22.306+01:00 ERROR 36496 --- [building-service] [           main] c.d.b.service.WaveonFusionService        : WaveOn API error for path /proxy/:81/getHumHistory/: HTTP 500 - {"timestamp":"2026-05-05T19:30:23.447+0000","status":500,"error":"Internal Server Error","message":"500 Internal Server Error","path":"/WS_WAVEON/proxy/:81/getHumHistory/"}
2026-05-05T20:30:22.310+01:00 DEBUG 36496 --- [building-service] [           main] o.s.web.client.DefaultRestClient         : Writing [{unicast=6, id_client=171, id_network=1, id_user=8, token=Oc46IkUzO74h2PjeO879, start_timestamp=2026-05-04T19:30:00, end_timestamp=2026-05-05T19:30:00}] as "application/json" with org.springframework.http.converter.json.JacksonJsonHttpMessageConverter
2026-05-05T20:30:23.032+01:00 DEBUG 36496 --- [building-service] [           main] o.s.web.client.DefaultRestClient         : Reading to [java.lang.String] as "application/json;charset=UTF-8"
2026-05-05T20:30:23.036+01:00 DEBUG 36496 --- [building-service] [           main] o.s.web.client.DefaultRestClient         : Writing [{unicast=6, id_client=171, id_network=1, id_user=8, token=Oc46IkUzO74h2PjeO879, start_timestamp=2026-05-04T19:30:00, end_timestamp=2026-05-05T19:30:00}] as "application/json" with org.springframework.http.converter.json.JacksonJsonHttpMessageConverter
2026-05-05T20:30:23.432+01:00 ERROR 36496 --- [building-service] [           main] c.d.b.service.WaveonFusionService        : WaveOn API error for path /proxy/:81/getOccupancyHistory/: HTTP 500 - {"timestamp":"2026-05-05T19:30:24.576+0000","status":500,"error":"Internal Server Error","message":"500 Internal Server Error","path":"/WS_WAVEON/proxy/:81/getOccupancyHistory/"}
2026-05-05T20:30:23.436+01:00 DEBUG 36496 --- [building-service] [           main] o.s.web.client.DefaultRestClient         : Writing [{unicast=6, id_client=171, id_network=1, id_user=8, token=Oc46IkUzO74h2PjeO879, start_timestamp=2026-05-04T19:30:00, end_timestamp=2026-05-05T19:30:00}] as "application/json" with org.springframework.http.converter.json.JacksonJsonHttpMessageConverter
2026-05-05T20:30:23.872+01:00 ERROR 36496 --- [building-service] [           main] c.d.b.service.WaveonFusionService        : WaveOn API error for path /proxy/:81/getTempHistory/: HTTP 500 - {"timestamp":"2026-05-05T19:30:25.020+0000","status":500,"error":"Internal Server Error","message":"500 Internal Server Error","path":"/WS_WAVEON/proxy/:81/getTempHistory/"}
2026-05-05T20:30:23.873+01:00 DEBUG 36496 --- [building-service] [           main] o.s.web.client.DefaultRestClient         : Writing [{unicast=66300, id_client=171, id_network=1, id_user=8, token=Oc46IkUzO74h2PjeO879, start_time=2026-05-04T19:30, end_time=2026-05-05T19:30}] as "application/json" with org.springframework.http.converter.json.JacksonJsonHttpMessageConverter
2026-05-05T20:30:24.444+01:00 DEBUG 36496 --- [building-service] [           main] o.s.web.client.DefaultRestClient         : Reading to [java.lang.String] as "application/json;charset=UTF-8"
2026-05-05T20:30:24.448+01:00 DEBUG 36496 --- [building-service] [           main] o.s.web.client.DefaultRestClient         : Writing [{unicast=12, id_client=171, id_network=1, id_user=8, token=Oc46IkUzO74h2PjeO879, start_timestamp=2026-05-04T19:30:00, end_timestamp=2026-05-05T19:30:00}] as "application/json" with org.springframework.http.converter.json.JacksonJsonHttpMessageConverter
2026-05-05T20:30:24.936+01:00 ERROR 36496 --- [building-service] [           main] c.d.b.service.WaveonFusionService        : WaveOn API error for path /proxy/:81/getOccupancyHistory/: HTTP 500 - {"timestamp":"2026-05-05T19:30:26.082+0000","status":500,"error":"Internal Server Error","message":"500 Internal Server Error","path":"/WS_WAVEON/proxy/:81/getOccupancyHistory/"}
2026-05-05T20:30:24.939+01:00 DEBUG 36496 --- [building-service] [           main] o.s.web.client.DefaultRestClient         : Writing [{unicast=66300, id_client=171, id_network=1, id_user=8, token=Oc46IkUzO74h2PjeO879, start_time=2026-05-04T19:30, end_time=2026-05-05T19:30}] as "application/json" with org.springframework.http.converter.json.JacksonJsonHttpMessageConverter
2026-05-05T20:30:26.358+01:00 DEBUG 36496 --- [building-service] [           main] o.s.web.client.DefaultRestClient         : Reading to [java.lang.String] as "application/json;charset=UTF-8"
2026-05-05T20:30:26.362+01:00 DEBUG 36496 --- [building-service] [           main] o.s.web.client.DefaultRestClient         : Writing [{unicast=13, id_client=171, id_network=1, id_user=8, token=Oc46IkUzO74h2PjeO879, start_timestamp=2026-05-04T19:30:00, end_timestamp=2026-05-05T19:30:00}] as "application/json" with org.springframework.http.converter.json.JacksonJsonHttpMessageConverter
2026-05-05T20:30:27.169+01:00 DEBUG 36496 --- [building-service] [           main] o.s.web.client.DefaultRestClient         : Reading to [java.lang.String] as "application/json;charset=UTF-8"
2026-05-05T20:30:27.170+01:00 DEBUG 36496 --- [building-service] [           main] o.s.web.client.DefaultRestClient         : Writing [{unicast=66300, id_client=171, id_network=1, id_user=8, token=Oc46IkUzO74h2PjeO879, start_time=2026-05-04T19:30, end_time=2026-05-05T19:30}] as "application/json" with org.springframework.http.converter.json.JacksonJsonHttpMessageConverter
2026-05-05T20:30:27.935+01:00 DEBUG 36496 --- [building-service] [           main] o.s.web.client.DefaultRestClient         : Reading to [java.lang.String] as "application/json;charset=UTF-8"
2026-05-05T20:30:27.939+01:00 DEBUG 36496 --- [building-service] [           main] o.s.web.client.DefaultRestClient         : Writing [{unicast=14, id_client=171, id_network=1, id_user=8, token=Oc46IkUzO74h2PjeO879, start_timestamp=2026-05-04T19:30:00, end_timestamp=2026-05-05T19:30:00}] as "application/json" with org.springframework.http.converter.json.JacksonJsonHttpMessageConverter
2026-05-05T20:30:28.676+01:00 ERROR 36496 --- [building-service] [           main] c.d.b.service.WaveonFusionService        : WaveOn API error for path /proxy/:81/getOccupancyHistory/: HTTP 500 - {"timestamp":"2026-05-05T19:30:29.821+0000","status":500,"error":"Internal Server Error","message":"500 Internal Server Error","path":"/WS_WAVEON/proxy/:81/getOccupancyHistory/"}
2026-05-05T20:30:28.680+01:00 DEBUG 36496 --- [building-service] [           main] o.s.web.client.DefaultRestClient         : Writing [{unicast=66000, id_client=171, id_network=1, id_user=8, token=Oc46IkUzO74h2PjeO879, start_time=2026-05-04T19:30, end_time=2026-05-05T19:30}] as "application/json" with org.springframework.http.converter.json.JacksonJsonHttpMessageConverter
2026-05-05T20:30:29.594+01:00 DEBUG 36496 --- [building-service] [           main] o.s.web.client.DefaultRestClient         : Reading to [java.lang.String] as "application/json;charset=UTF-8"
2026-05-05T20:30:29.667+01:00 DEBUG 36496 --- [building-service] [           main] o.s.web.client.DefaultRestClient         : Writing [{unicast=3, id_client=171, id_network=1, id_user=8, token=Oc46IkUzO74h2PjeO879, start_timestamp=2026-05-04T19:30:00, end_timestamp=2026-05-05T19:30:00}] as "application/json" with org.springframework.http.converter.json.JacksonJsonHttpMessageConverter
2026-05-05T20:30:30.410+01:00 DEBUG 36496 --- [building-service] [           main] o.s.web.client.DefaultRestClient         : Reading to [java.lang.String] as "application/json;charset=UTF-8"
2026-05-05T20:30:30.477+01:00 DEBUG 36496 --- [building-service] [           main] o.s.web.client.DefaultRestClient         : Writing [{unicast=3, id_client=171, id_network=1, id_user=8, token=Oc46IkUzO74h2PjeO879, start_timestamp=2026-05-04T19:30:00, end_timestamp=2026-05-05T19:30:00}] as "application/json" with org.springframework.http.converter.json.JacksonJsonHttpMessageConverter
2026-05-05T20:30:31.378+01:00 ERROR 36496 --- [building-service] [           main] c.d.b.service.WaveonFusionService        : WaveOn API error for path /proxy/:81/getLumHistory/: HTTP 500 - {"timestamp":"2026-05-05T19:30:32.528+0000","status":500,"error":"Internal Server Error","message":"500 Internal Server Error","path":"/WS_WAVEON/proxy/:81/getLumHistory/"}
2026-05-05T20:30:31.382+01:00 DEBUG 36496 --- [building-service] [           main] o.s.web.client.DefaultRestClient         : Writing [{unicast=3, id_client=171, id_network=1, id_user=8, token=Oc46IkUzO74h2PjeO879, start_timestamp=2026-05-04T19:30:00, end_timestamp=2026-05-05T19:30:00}] as "application/json" with org.springframework.http.converter.json.JacksonJsonHttpMessageConverter
2026-05-05T20:30:32.637+01:00 DEBUG 36496 --- [building-service] [           main] o.s.web.client.DefaultRestClient         : Reading to [java.lang.String] as "application/json;charset=UTF-8"
2026-05-05T20:30:32.641+01:00 DEBUG 36496 --- [building-service] [           main] o.s.web.client.DefaultRestClient         : Writing [{unicast=3, id_client=171, id_network=1, id_user=8, token=Oc46IkUzO74h2PjeO879, start_timestamp=2026-05-04T19:30:00, end_timestamp=2026-05-05T19:30:00}] as "application/json" with org.springframework.http.converter.json.JacksonJsonHttpMessageConverter
2026-05-05T20:30:33.381+01:00 DEBUG 36496 --- [building-service] [           main] o.s.web.client.DefaultRestClient         : Reading to [java.lang.String] as "application/json;charset=UTF-8"
2026-05-05T20:30:33.451+01:00 DEBUG 36496 --- [building-service] [           main] o.s.web.client.DefaultRestClient         : Writing [{unicast=66000, id_client=171, id_network=1, id_user=8, token=Oc46IkUzO74h2PjeO879, start_time=2026-05-04T19:30, end_time=2026-05-05T19:30}] as "application/json" with org.springframework.http.converter.json.JacksonJsonHttpMessageConverter
2026-05-05T20:30:34.329+01:00 DEBUG 36496 --- [building-service] [           main] o.s.web.client.DefaultRestClient         : Reading to [java.lang.String] as "application/json;charset=UTF-8"
2026-05-05T20:30:34.451+01:00 DEBUG 36496 --- [building-service] [           main] o.s.web.client.DefaultRestClient         : Writing [{unicast=2, id_client=171, id_network=1, id_user=8, token=Oc46IkUzO74h2PjeO879, start_timestamp=2026-05-04T19:30:00, end_timestamp=2026-05-05T19:30:00}] as "application/json" with org.springframework.http.converter.json.JacksonJsonHttpMessageConverter
2026-05-05T20:30:35.141+01:00 ERROR 36496 --- [building-service] [           main] c.d.b.service.WaveonFusionService        : WaveOn API error for path /proxy/:81/getHumHistory/: HTTP 500 - {"timestamp":"2026-05-05T19:30:36.287+0000","status":500,"error":"Internal Server Error","message":"500 Internal Server Error","path":"/WS_WAVEON/proxy/:81/getHumHistory/"}
2026-05-05T20:30:35.144+01:00 DEBUG 36496 --- [building-service] [           main] o.s.web.client.DefaultRestClient         : Writing [{unicast=2, id_client=171, id_network=1, id_user=8, token=Oc46IkUzO74h2PjeO879, start_timestamp=2026-05-04T19:30:00, end_timestamp=2026-05-05T19:30:00}] as "application/json" with org.springframework.http.converter.json.JacksonJsonHttpMessageConverter
2026-05-05T20:30:35.854+01:00 DEBUG 36496 --- [building-service] [           main] o.s.web.client.DefaultRestClient         : Reading to [java.lang.String] as "application/json;charset=UTF-8"
2026-05-05T20:30:35.858+01:00 DEBUG 36496 --- [building-service] [           main] o.s.web.client.DefaultRestClient         : Writing [{unicast=2, id_client=171, id_network=1, id_user=8, token=Oc46IkUzO74h2PjeO879, start_timestamp=2026-05-04T19:30:00, end_timestamp=2026-05-05T19:30:00}] as "application/json" with org.springframework.http.converter.json.JacksonJsonHttpMessageConverter
2026-05-05T20:30:36.322+01:00 ERROR 36496 --- [building-service] [           main] c.d.b.service.WaveonFusionService        : WaveOn API error for path /proxy/:81/getOccupancyHistory/: HTTP 500 - {"timestamp":"2026-05-05T19:30:37.468+0000","status":500,"error":"Internal Server Error","message":"500 Internal Server Error","path":"/WS_WAVEON/proxy/:81/getOccupancyHistory/"}
2026-05-05T20:30:36.326+01:00 DEBUG 36496 --- [building-service] [           main] o.s.web.client.DefaultRestClient         : Writing [{unicast=2, id_client=171, id_network=1, id_user=8, token=Oc46IkUzO74h2PjeO879, start_timestamp=2026-05-04T19:30:00, end_timestamp=2026-05-05T19:30:00}] as "application/json" with org.springframework.http.converter.json.JacksonJsonHttpMessageConverter
2026-05-05T20:30:38.324+01:00 ERROR 36496 --- [building-service] [           main] c.d.b.service.WaveonFusionService        : WaveOn API error for path /proxy/:81/getTempHistory/: HTTP 500 - {"timestamp":"2026-05-05T19:30:39.470+0000","status":500,"error":"Internal Server Error","message":"500 Internal Server Error","path":"/WS_WAVEON/proxy/:81/getTempHistory/"}
2026-05-05T20:30:38.328+01:00 DEBUG 36496 --- [building-service] [           main] o.s.web.client.DefaultRestClient         : Writing [{unicast=66000, id_client=171, id_network=1, id_user=8, token=Oc46IkUzO74h2PjeO879, start_time=2026-05-04T19:30, end_time=2026-05-05T19:30}] as "application/json" with org.springframework.http.converter.json.JacksonJsonHttpMessageConverter
2026-05-05T20:30:39.160+01:00 DEBUG 36496 --- [building-service] [           main] o.s.web.client.DefaultRestClient         : Reading to [java.lang.String] as "application/json;charset=UTF-8"
2026-05-05T20:30:39.242+01:00 DEBUG 36496 --- [building-service] [           main] o.s.web.client.DefaultRestClient         : Writing [{unicast=10, id_client=171, id_network=1, id_user=8, token=Oc46IkUzO74h2PjeO879, start_timestamp=2026-05-04T19:30:00, end_timestamp=2026-05-05T19:30:00}] as "application/json" with org.springframework.http.converter.json.JacksonJsonHttpMessageConverter
2026-05-05T20:30:39.835+01:00 ERROR 36496 --- [building-service] [           main] c.d.b.service.WaveonFusionService        : WaveOn API error for path /proxy/:81/getTempHistory/: HTTP 500 - {"timestamp":"2026-05-05T19:30:40.984+0000","status":500,"error":"Internal Server Error","message":"500 Internal Server Error","path":"/WS_WAVEON/proxy/:81/getTempHistory/"}
2026-05-05T20:30:39.837+01:00 DEBUG 36496 --- [building-service] [           main] o.s.web.client.DefaultRestClient         : Writing [{unicast=66000, id_client=171, id_network=1, id_user=8, token=Oc46IkUzO74h2PjeO879, start_time=2026-05-04T19:30, end_time=2026-05-05T19:30}] as "application/json" with org.springframework.http.converter.json.JacksonJsonHttpMessageConverter
2026-05-05T20:30:41.330+01:00 DEBUG 36496 --- [building-service] [           main] o.s.web.client.DefaultRestClient         : Reading to [java.lang.String] as "application/json;charset=UTF-8"
2026-05-05T20:30:41.417+01:00 DEBUG 36496 --- [building-service] [           main] o.s.web.client.DefaultRestClient         : Writing [{unicast=9, id_client=171, id_network=1, id_user=8, token=Oc46IkUzO74h2PjeO879, start_timestamp=2026-05-04T19:30:00, end_timestamp=2026-05-05T19:30:00}] as "application/json" with org.springframework.http.converter.json.JacksonJsonHttpMessageConverter
2026-05-05T20:30:43.189+01:00 DEBUG 36496 --- [building-service] [           main] o.s.web.client.DefaultRestClient         : Reading to [java.lang.String] as "application/json;charset=UTF-8"
2026-05-05T20:30:43.260+01:00 DEBUG 36496 --- [building-service] [           main] o.s.web.client.DefaultRestClient         : Writing [{unicast=9, id_client=171, id_network=1, id_user=8, token=Oc46IkUzO74h2PjeO879, start_timestamp=2026-05-04T19:30:00, end_timestamp=2026-05-05T19:30:00}] as "application/json" with org.springframework.http.converter.json.JacksonJsonHttpMessageConverter
2026-05-05T20:30:45.012+01:00 DEBUG 36496 --- [building-service] [           main] o.s.web.client.DefaultRestClient         : Reading to [java.lang.String] as "application/json;charset=UTF-8"
2026-05-05T20:30:45.075+01:00 DEBUG 36496 --- [building-service] [           main] o.s.web.client.DefaultRestClient         : Writing [{unicast=66000, id_client=171, id_network=1, id_user=8, token=Oc46IkUzO74h2PjeO879, start_time=2026-05-04T19:30, end_time=2026-05-05T19:30}] as "application/json" with org.springframework.http.converter.json.JacksonJsonHttpMessageConverter
2026-05-05T20:30:46.390+01:00 DEBUG 36496 --- [building-service] [           main] o.s.web.client.DefaultRestClient         : Reading to [java.lang.String] as "application/json;charset=UTF-8"
2026-05-05T20:30:46.477+01:00 DEBUG 36496 --- [building-service] [           main] o.s.web.client.DefaultRestClient         : Writing [{unicast=8, id_client=171, id_network=1, id_user=8, token=Oc46IkUzO74h2PjeO879, start_timestamp=2026-05-04T19:30:00, end_timestamp=2026-05-05T19:30:00}] as "application/json" with org.springframework.http.converter.json.JacksonJsonHttpMessageConverter
2026-05-05T20:30:47.571+01:00 ERROR 36496 --- [building-service] [           main] c.d.b.service.WaveonFusionService        : WaveOn API error for path /proxy/:81/getHumHistory/: HTTP 500 - {"timestamp":"2026-05-05T19:30:48.717+0000","status":500,"error":"Internal Server Error","message":"500 Internal Server Error","path":"/WS_WAVEON/proxy/:81/getHumHistory/"}
2026-05-05T20:30:47.573+01:00 DEBUG 36496 --- [building-service] [           main] o.s.web.client.DefaultRestClient         : Writing [{unicast=8, id_client=171, id_network=1, id_user=8, token=Oc46IkUzO74h2PjeO879, start_timestamp=2026-05-04T19:30:00, end_timestamp=2026-05-05T19:30:00}] as "application/json" with org.springframework.http.converter.json.JacksonJsonHttpMessageConverter
2026-05-05T20:30:49.659+01:00 ERROR 36496 --- [building-service] [           main] c.d.b.service.WaveonFusionService        : WaveOn API error for path /proxy/:81/getTempHistory/: HTTP 500 - {"timestamp":"2026-05-05T19:30:50.808+0000","status":500,"error":"Internal Server Error","message":"500 Internal Server Error","path":"/WS_WAVEON/proxy/:81/getTempHistory/"}
2026-05-05T20:30:49.662+01:00 DEBUG 36496 --- [building-service] [           main] o.s.web.client.DefaultRestClient         : Writing [{unicast=66000, id_client=171, id_network=1, id_user=8, token=Oc46IkUzO74h2PjeO879, start_time=2026-05-04T19:30, end_time=2026-05-05T19:30}] as "application/json" with org.springframework.http.converter.json.JacksonJsonHttpMessageConverter
2026-05-05T20:30:52.002+01:00 DEBUG 36496 --- [building-service] [           main] o.s.web.client.DefaultRestClient         : Reading to [java.lang.String] as "application/json;charset=UTF-8"
2026-05-05T20:30:52.128+01:00 DEBUG 36496 --- [building-service] [           main] o.s.web.client.DefaultRestClient         : Writing [{unicast=1, id_client=171, id_network=1, id_user=8, token=Oc46IkUzO74h2PjeO879, start_timestamp=2026-05-04T19:30:00, end_timestamp=2026-05-05T19:30:00}] as "application/json" with org.springframework.http.converter.json.JacksonJsonHttpMessageConverter
2026-05-05T20:30:53.285+01:00 ERROR 36496 --- [building-service] [           main] c.d.b.service.WaveonFusionService        : WaveOn API error for path /proxy/:81/getHumHistory/: HTTP 500 - {"timestamp":"2026-05-05T19:30:54.431+0000","status":500,"error":"Internal Server Error","message":"500 Internal Server Error","path":"/WS_WAVEON/proxy/:81/getHumHistory/"}
2026-05-05T20:30:53.287+01:00 DEBUG 36496 --- [building-service] [           main] o.s.web.client.DefaultRestClient         : Writing [{unicast=1, id_client=171, id_network=1, id_user=8, token=Oc46IkUzO74h2PjeO879, start_timestamp=2026-05-04T19:30:00, end_timestamp=2026-05-05T19:30:00}] as "application/json" with org.springframework.http.converter.json.JacksonJsonHttpMessageConverter
2026-05-05T20:30:53.863+01:00 ERROR 36496 --- [building-service] [           main] c.d.b.service.WaveonFusionService        : WaveOn API error for path /proxy/:81/getLumHistory/: HTTP 500 - {"timestamp":"2026-05-05T19:30:55.007+0000","status":500,"error":"Internal Server Error","message":"500 Internal Server Error","path":"/WS_WAVEON/proxy/:81/getLumHistory/"}
2026-05-05T20:30:53.866+01:00 DEBUG 36496 --- [building-service] [           main] o.s.web.client.DefaultRestClient         : Writing [{unicast=1, id_client=171, id_network=1, id_user=8, token=Oc46IkUzO74h2PjeO879, start_timestamp=2026-05-04T19:30:00, end_timestamp=2026-05-05T19:30:00}] as "application/json" with org.springframework.http.converter.json.JacksonJsonHttpMessageConverter
2026-05-05T20:30:54.270+01:00 ERROR 36496 --- [building-service] [           main] c.d.b.service.WaveonFusionService        : WaveOn API error for path /proxy/:81/getOccupancyHistory/: HTTP 500 - {"timestamp":"2026-05-05T19:30:55.420+0000","status":500,"error":"Internal Server Error","message":"500 Internal Server Error","path":"/WS_WAVEON/proxy/:81/getOccupancyHistory/"}
2026-05-05T20:30:54.274+01:00 DEBUG 36496 --- [building-service] [           main] o.s.web.client.DefaultRestClient         : Writing [{unicast=1, id_client=171, id_network=1, id_user=8, token=Oc46IkUzO74h2PjeO879, start_timestamp=2026-05-04T19:30:00, end_timestamp=2026-05-05T19:30:00}] as "application/json" with org.springframework.http.converter.json.JacksonJsonHttpMessageConverter
2026-05-05T20:30:54.869+01:00 ERROR 36496 --- [building-service] [           main] c.d.b.service.WaveonFusionService        : WaveOn API error for path /proxy/:81/getTempHistory/: HTTP 500 - {"timestamp":"2026-05-05T19:30:56.018+0000","status":500,"error":"Internal Server Error","message":"500 Internal Server Error","path":"/WS_WAVEON/proxy/:81/getTempHistory/"}
2026-05-05T20:30:54.873+01:00 DEBUG 36496 --- [building-service] [           main] o.s.web.client.DefaultRestClient         : Writing [{unicast=47, id_client=171, id_network=1, id_user=8, token=Oc46IkUzO74h2PjeO879, start_timestamp=2026-05-04T19:30:00, end_timestamp=2026-05-05T19:30:00}] as "application/json" with org.springframework.http.converter.json.JacksonJsonHttpMessageConverter
2026-05-05T20:30:55.455+01:00 ERROR 36496 --- [building-service] [           main] c.d.b.service.WaveonFusionService        : WaveOn API error for path /proxy/:81/getOccupancyHistory/: HTTP 500 - {"timestamp":"2026-05-05T19:30:56.597+0000","status":500,"error":"Internal Server Error","message":"500 Internal Server Error","path":"/WS_WAVEON/proxy/:81/getOccupancyHistory/"}
2026-05-05T20:30:55.456+01:00 DEBUG 36496 --- [building-service] [           main] o.s.web.client.DefaultRestClient         : Writing [{unicast=47, id_client=171, id_network=1, id_user=8, token=Oc46IkUzO74h2PjeO879, start_timestamp=2026-05-04T19:30:00, end_timestamp=2026-05-05T19:30:00}] as "application/json" with org.springframework.http.converter.json.JacksonJsonHttpMessageConverter
2026-05-05T20:30:57.117+01:00 ERROR 36496 --- [building-service] [           main] c.d.b.service.WaveonFusionService        : WaveOn API error for path /proxy/:81/getTempHistory/: HTTP 500 - {"timestamp":"2026-05-05T19:30:58.263+0000","status":500,"error":"Internal Server Error","message":"500 Internal Server Error","path":"/WS_WAVEON/proxy/:81/getTempHistory/"}
2026-05-05T20:30:57.393+01:00 DEBUG 36496 --- [building-service] [           main] o.s.web.client.DefaultRestClient         : Writing [{unicast=45, id_client=171, id_network=1, id_user=8, token=Oc46IkUzO74h2PjeO879, start_timestamp=2026-05-04T19:30:00, end_timestamp=2026-05-05T19:30:00}] as "application/json" with org.springframework.http.converter.json.JacksonJsonHttpMessageConverter
2026-05-05T20:30:58.132+01:00 ERROR 36496 --- [building-service] [           main] c.d.b.service.WaveonFusionService        : WaveOn API error for path /proxy/:81/getOccupancyHistory/: HTTP 500 - {"timestamp":"2026-05-05T19:30:59.281+0000","status":500,"error":"Internal Server Error","message":"500 Internal Server Error","path":"/WS_WAVEON/proxy/:81/getOccupancyHistory/"}
2026-05-05T20:30:58.134+01:00 DEBUG 36496 --- [building-service] [           main] o.s.web.client.DefaultRestClient         : Writing [{unicast=45, id_client=171, id_network=1, id_user=8, token=Oc46IkUzO74h2PjeO879, start_timestamp=2026-05-04T19:30:00, end_timestamp=2026-05-05T19:30:00}] as "application/json" with org.springframework.http.converter.json.JacksonJsonHttpMessageConverter
2026-05-05T20:30:58.964+01:00 ERROR 36496 --- [building-service] [           main] c.d.b.service.WaveonFusionService        : WaveOn API error for path /proxy/:81/getTempHistory/: HTTP 500 - {"timestamp":"2026-05-05T19:31:00.112+0000","status":500,"error":"Internal Server Error","message":"500 Internal Server Error","path":"/WS_WAVEON/proxy/:81/getTempHistory/"}
2026-05-05T20:30:58.967+01:00 DEBUG 36496 --- [building-service] [           main] o.s.web.client.DefaultRestClient         : Writing [{unicast=66000, id_client=171, id_network=1, id_user=8, token=Oc46IkUzO74h2PjeO879, start_time=2026-05-04T19:30, end_time=2026-05-05T19:30}] as "application/json" with org.springframework.http.converter.json.JacksonJsonHttpMessageConverter
2026-05-05T20:30:59.685+01:00 DEBUG 36496 --- [building-service] [           main] o.s.web.client.DefaultRestClient         : Reading to [java.lang.String] as "application/json;charset=UTF-8"
2026-05-05T20:30:59.771+01:00 DEBUG 36496 --- [building-service] [           main] o.s.web.client.DefaultRestClient         : Writing [{unicast=41, id_client=171, id_network=1, id_user=8, token=Oc46IkUzO74h2PjeO879, start_timestamp=2026-05-04T19:30:00, end_timestamp=2026-05-05T19:30:00}] as "application/json" with org.springframework.http.converter.json.JacksonJsonHttpMessageConverter
2026-05-05T20:31:00.202+01:00 ERROR 36496 --- [building-service] [           main] c.d.b.service.WaveonFusionService        : WaveOn API error for path /proxy/:81/getTempHistory/: HTTP 500 - {"timestamp":"2026-05-05T19:31:01.347+0000","status":500,"error":"Internal Server Error","message":"500 Internal Server Error","path":"/WS_WAVEON/proxy/:81/getTempHistory/"}
2026-05-05T20:31:00.206+01:00 DEBUG 36496 --- [building-service] [           main] o.s.web.client.DefaultRestClient         : Writing [{unicast=66300, id_client=171, id_network=1, id_user=8, token=Oc46IkUzO74h2PjeO879, start_time=2026-05-04T19:31, end_time=2026-05-05T19:31}] as "application/json" with org.springframework.http.converter.json.JacksonJsonHttpMessageConverter
2026-05-05T20:31:01.015+01:00 DEBUG 36496 --- [building-service] [           main] o.s.web.client.DefaultRestClient         : Reading to [java.lang.String] as "application/json;charset=UTF-8"
2026-05-05T20:31:01.019+01:00 DEBUG 36496 --- [building-service] [           main] o.s.web.client.DefaultRestClient         : Writing [{unicast=36, id_client=171, id_network=1, id_user=8, token=Oc46IkUzO74h2PjeO879, start_timestamp=2026-05-04T19:31:00, end_timestamp=2026-05-05T19:31:00}] as "application/json" with org.springframework.http.converter.json.JacksonJsonHttpMessageConverter
2026-05-05T20:31:01.414+01:00 ERROR 36496 --- [building-service] [           main] c.d.b.service.WaveonFusionService        : WaveOn API error for path /proxy/:81/getOccupancyHistory/: HTTP 500 - {"timestamp":"2026-05-05T19:31:02.559+0000","status":500,"error":"Internal Server Error","message":"500 Internal Server Error","path":"/WS_WAVEON/proxy/:81/getOccupancyHistory/"}
2026-05-05T20:31:01.418+01:00 DEBUG 36496 --- [building-service] [           main] o.s.web.client.DefaultRestClient         : Writing [{unicast=66001, id_client=171, id_network=1, id_user=8, token=Oc46IkUzO74h2PjeO879, start_time=2026-05-04T19:31, end_time=2026-05-05T19:31}] as "application/json" with org.springframework.http.converter.json.JacksonJsonHttpMessageConverter
2026-05-05T20:31:01.945+01:00 DEBUG 36496 --- [building-service] [           main] o.s.web.client.DefaultRestClient         : Reading to [java.lang.String] as "application/json;charset=UTF-8"
2026-05-05T20:31:01.949+01:00 DEBUG 36496 --- [building-service] [           main] o.s.web.client.DefaultRestClient         : Writing [{unicast=23, id_client=171, id_network=1, id_user=8, token=Oc46IkUzO74h2PjeO879, start_timestamp=2026-05-04T19:31:00, end_timestamp=2026-05-05T19:31:00}] as "application/json" with org.springframework.http.converter.json.JacksonJsonHttpMessageConverter
2026-05-05T20:31:02.762+01:00 DEBUG 36496 --- [building-service] [           main] o.s.web.client.DefaultRestClient         : Reading to [java.lang.String] as "application/json;charset=UTF-8"
2026-05-05T20:31:02.831+01:00 DEBUG 36496 --- [building-service] [           main] o.s.web.client.DefaultRestClient         : Writing [{unicast=23, id_client=171, id_network=1, id_user=8, token=Oc46IkUzO74h2PjeO879, start_timestamp=2026-05-04T19:31:00, end_timestamp=2026-05-05T19:31:00}] as "application/json" with org.springframework.http.converter.json.JacksonJsonHttpMessageConverter
2026-05-05T20:31:03.016+01:00 ERROR 36496 --- [building-service] [           main] c.d.b.service.WaveonFusionService        : WaveOn API error for path /proxy/:81/getLumHistory/: HTTP 500 - {"timestamp":"2026-05-05T19:31:04.160+0000","status":500,"error":"Internal Server Error","message":"500 Internal Server Error","path":"/WS_WAVEON/proxy/:81/getLumHistory/"}
2026-05-05T20:31:03.018+01:00 DEBUG 36496 --- [building-service] [           main] o.s.web.client.DefaultRestClient         : Writing [{unicast=23, id_client=171, id_network=1, id_user=8, token=Oc46IkUzO74h2PjeO879, start_timestamp=2026-05-04T19:31:00, end_timestamp=2026-05-05T19:31:00}] as "application/json" with org.springframework.http.converter.json.JacksonJsonHttpMessageConverter
2026-05-05T20:31:03.567+01:00 DEBUG 36496 --- [building-service] [           main] o.s.web.client.DefaultRestClient         : Reading to [java.lang.String] as "application/json;charset=UTF-8"
2026-05-05T20:31:03.568+01:00 DEBUG 36496 --- [building-service] [           main] o.s.web.client.DefaultRestClient         : Writing [{unicast=23, id_client=171, id_network=1, id_user=8, token=Oc46IkUzO74h2PjeO879, start_timestamp=2026-05-04T19:31:00, end_timestamp=2026-05-05T19:31:00}] as "application/json" with org.springframework.http.converter.json.JacksonJsonHttpMessageConverter
2026-05-05T20:31:04.059+01:00 DEBUG 36496 --- [building-service] [           main] o.s.web.client.DefaultRestClient         : Reading to [java.lang.String] as "application/json;charset=UTF-8"
2026-05-05T20:31:04.140+01:00 DEBUG 36496 --- [building-service] [           main] o.s.web.client.DefaultRestClient         : Writing [{unicast=66001, id_client=171, id_network=1, id_user=8, token=Oc46IkUzO74h2PjeO879, start_time=2026-05-04T19:31, end_time=2026-05-05T19:31}] as "application/json" with org.springframework.http.converter.json.JacksonJsonHttpMessageConverter
2026-05-05T20:31:05.007+01:00 DEBUG 36496 --- [building-service] [           main] o.s.web.client.DefaultRestClient         : Reading to [java.lang.String] as "application/json;charset=UTF-8"
2026-05-05T20:31:05.008+01:00 DEBUG 36496 --- [building-service] [           main] o.s.web.client.DefaultRestClient         : Writing [{unicast=24, id_client=171, id_network=1, id_user=8, token=Oc46IkUzO74h2PjeO879, start_timestamp=2026-05-04T19:31:00, end_timestamp=2026-05-05T19:31:00}] as "application/json" with org.springframework.http.converter.json.JacksonJsonHttpMessageConverter
2026-05-05T20:31:05.573+01:00 ERROR 36496 --- [building-service] [           main] c.d.b.service.WaveonFusionService        : WaveOn API error for path /proxy/:81/getHumHistory/: HTTP 500 - {"timestamp":"2026-05-05T19:31:06.718+0000","status":500,"error":"Internal Server Error","message":"500 Internal Server Error","path":"/WS_WAVEON/proxy/:81/getHumHistory/"}
2026-05-05T20:31:05.577+01:00 DEBUG 36496 --- [building-service] [           main] o.s.web.client.DefaultRestClient         : Writing [{unicast=24, id_client=171, id_network=1, id_user=8, token=Oc46IkUzO74h2PjeO879, start_timestamp=2026-05-04T19:31:00, end_timestamp=2026-05-05T19:31:00}] as "application/json" with org.springframework.http.converter.json.JacksonJsonHttpMessageConverter
2026-05-05T20:31:06.214+01:00 ERROR 36496 --- [building-service] [           main] c.d.b.service.WaveonFusionService        : WaveOn API error for path /proxy/:81/getOccupancyHistory/: HTTP 500 - {"timestamp":"2026-05-05T19:31:07.360+0000","status":500,"error":"Internal Server Error","message":"500 Internal Server Error","path":"/WS_WAVEON/proxy/:81/getOccupancyHistory/"}
2026-05-05T20:31:06.216+01:00 DEBUG 36496 --- [building-service] [           main] o.s.web.client.DefaultRestClient         : Writing [{unicast=24, id_client=171, id_network=1, id_user=8, token=Oc46IkUzO74h2PjeO879, start_timestamp=2026-05-04T19:31:00, end_timestamp=2026-05-05T19:31:00}] as "application/json" with org.springframework.http.converter.json.JacksonJsonHttpMessageConverter
2026-05-05T20:31:06.671+01:00 ERROR 36496 --- [building-service] [           main] c.d.b.service.WaveonFusionService        : WaveOn API error for path /proxy/:81/getTempHistory/: HTTP 500 - {"timestamp":"2026-05-05T19:31:07.817+0000","status":500,"error":"Internal Server Error","message":"500 Internal Server Error","path":"/WS_WAVEON/proxy/:81/getTempHistory/"}
2026-05-05T20:31:06.674+01:00 DEBUG 36496 --- [building-service] [           main] o.s.web.client.DefaultRestClient         : Writing [{unicast=66001, id_client=171, id_network=1, id_user=8, token=Oc46IkUzO74h2PjeO879, start_time=2026-05-04T19:31, end_time=2026-05-05T19:31}] as "application/json" with org.springframework.http.converter.json.JacksonJsonHttpMessageConverter
2026-05-05T20:31:07.274+01:00 DEBUG 36496 --- [building-service] [           main] o.s.web.client.DefaultRestClient         : Reading to [java.lang.String] as "application/json;charset=UTF-8"
2026-05-05T20:31:07.278+01:00 DEBUG 36496 --- [building-service] [           main] o.s.web.client.DefaultRestClient         : Writing [{unicast=25, id_client=171, id_network=1, id_user=8, token=Oc46IkUzO74h2PjeO879, start_timestamp=2026-05-04T19:31:00, end_timestamp=2026-05-05T19:31:00}] as "application/json" with org.springframework.http.converter.json.JacksonJsonHttpMessageConverter
2026-05-05T20:31:07.677+01:00 ERROR 36496 --- [building-service] [           main] c.d.b.service.WaveonFusionService        : WaveOn API error for path /proxy/:81/getHumHistory/: HTTP 500 - {"timestamp":"2026-05-05T19:31:08.816+0000","status":500,"error":"Internal Server Error","message":"500 Internal Server Error","path":"/WS_WAVEON/proxy/:81/getHumHistory/"}
2026-05-05T20:31:07.680+01:00 DEBUG 36496 --- [building-service] [           main] o.s.web.client.DefaultRestClient         : Writing [{unicast=25, id_client=171, id_network=1, id_user=8, token=Oc46IkUzO74h2PjeO879, start_timestamp=2026-05-04T19:31:00, end_timestamp=2026-05-05T19:31:00}] as "application/json" with org.springframework.http.converter.json.JacksonJsonHttpMessageConverter
2026-05-05T20:31:08.545+01:00 ERROR 36496 --- [building-service] [           main] c.d.b.service.WaveonFusionService        : WaveOn API error for path /proxy/:81/getOccupancyHistory/: HTTP 500 - {"timestamp":"2026-05-05T19:31:09.691+0000","status":500,"error":"Internal Server Error","message":"500 Internal Server Error","path":"/WS_WAVEON/proxy/:81/getOccupancyHistory/"}
2026-05-05T20:31:08.549+01:00 DEBUG 36496 --- [building-service] [           main] o.s.web.client.DefaultRestClient         : Writing [{unicast=25, id_client=171, id_network=1, id_user=8, token=Oc46IkUzO74h2PjeO879, start_timestamp=2026-05-04T19:31:00, end_timestamp=2026-05-05T19:31:00}] as "application/json" with org.springframework.http.converter.json.JacksonJsonHttpMessageConverter
2026-05-05T20:31:09.213+01:00 ERROR 36496 --- [building-service] [           main] c.d.b.service.WaveonFusionService        : WaveOn API error for path /proxy/:81/getTempHistory/: HTTP 500 - {"timestamp":"2026-05-05T19:31:10.361+0000","status":500,"error":"Internal Server Error","message":"500 Internal Server Error","path":"/WS_WAVEON/proxy/:81/getTempHistory/"}
2026-05-05T20:31:09.217+01:00 DEBUG 36496 --- [building-service] [           main] o.s.web.client.DefaultRestClient         : Writing [{unicast=66001, id_client=171, id_network=1, id_user=8, token=Oc46IkUzO74h2PjeO879, start_time=2026-05-04T19:31, end_time=2026-05-05T19:31}] as "application/json" with org.springframework.http.converter.json.JacksonJsonHttpMessageConverter
2026-05-05T20:31:09.997+01:00 DEBUG 36496 --- [building-service] [           main] o.s.web.client.DefaultRestClient         : Reading to [java.lang.String] as "application/json;charset=UTF-8"
2026-05-05T20:31:10.001+01:00 DEBUG 36496 --- [building-service] [           main] o.s.web.client.DefaultRestClient         : Writing [{unicast=21, id_client=171, id_network=1, id_user=8, token=Oc46IkUzO74h2PjeO879, start_timestamp=2026-05-04T19:31:00, end_timestamp=2026-05-05T19:31:00}] as "application/json" with org.springframework.http.converter.json.JacksonJsonHttpMessageConverter
2026-05-05T20:31:10.740+01:00 DEBUG 36496 --- [building-service] [           main] o.s.web.client.DefaultRestClient         : Reading to [java.lang.String] as "application/json;charset=UTF-8"
2026-05-05T20:31:10.776+01:00 DEBUG 36496 --- [building-service] [           main] o.s.web.client.DefaultRestClient         : Writing [{unicast=21, id_client=171, id_network=1, id_user=8, token=Oc46IkUzO74h2PjeO879, start_timestamp=2026-05-04T19:31:00, end_timestamp=2026-05-05T19:31:00}] as "application/json" with org.springframework.http.converter.json.JacksonJsonHttpMessageConverter
2026-05-05T20:31:11.331+01:00 ERROR 36496 --- [building-service] [           main] c.d.b.service.WaveonFusionService        : WaveOn API error for path /proxy/:81/getLumHistory/: HTTP 500 - {"timestamp":"2026-05-05T19:31:12.480+0000","status":500,"error":"Internal Server Error","message":"500 Internal Server Error","path":"/WS_WAVEON/proxy/:81/getLumHistory/"}
2026-05-05T20:31:11.335+01:00 DEBUG 36496 --- [building-service] [           main] o.s.web.client.DefaultRestClient         : Writing [{unicast=21, id_client=171, id_network=1, id_user=8, token=Oc46IkUzO74h2PjeO879, start_timestamp=2026-05-04T19:31:00, end_timestamp=2026-05-05T19:31:00}] as "application/json" with org.springframework.http.converter.json.JacksonJsonHttpMessageConverter
2026-05-05T20:31:12.068+01:00 DEBUG 36496 --- [building-service] [           main] o.s.web.client.DefaultRestClient         : Reading to [java.lang.String] as "application/json;charset=UTF-8"
2026-05-05T20:31:12.069+01:00 DEBUG 36496 --- [building-service] [           main] o.s.web.client.DefaultRestClient         : Writing [{unicast=21, id_client=171, id_network=1, id_user=8, token=Oc46IkUzO74h2PjeO879, start_timestamp=2026-05-04T19:31:00, end_timestamp=2026-05-05T19:31:00}] as "application/json" with org.springframework.http.converter.json.JacksonJsonHttpMessageConverter
2026-05-05T20:31:12.629+01:00 DEBUG 36496 --- [building-service] [           main] o.s.web.client.DefaultRestClient         : Reading to [java.lang.String] as "application/json;charset=UTF-8"
2026-05-05T20:31:12.633+01:00 DEBUG 36496 --- [building-service] [           main] o.s.web.client.DefaultRestClient         : Writing [{unicast=66001, id_client=171, id_network=1, id_user=8, token=Oc46IkUzO74h2PjeO879, start_time=2026-05-04T19:31, end_time=2026-05-05T19:31}] as "application/json" with org.springframework.http.converter.json.JacksonJsonHttpMessageConverter
2026-05-05T20:31:13.246+01:00 DEBUG 36496 --- [building-service] [           main] o.s.web.client.DefaultRestClient         : Reading to [java.lang.String] as "application/json;charset=UTF-8"
2026-05-05T20:31:13.250+01:00 DEBUG 36496 --- [building-service] [           main] o.s.web.client.DefaultRestClient         : Writing [{unicast=22, id_client=171, id_network=1, id_user=8, token=Oc46IkUzO74h2PjeO879, start_timestamp=2026-05-04T19:31:00, end_timestamp=2026-05-05T19:31:00}] as "application/json" with org.springframework.http.converter.json.JacksonJsonHttpMessageConverter
2026-05-05T20:31:14.135+01:00 ERROR 36496 --- [building-service] [           main] c.d.b.service.WaveonFusionService        : WaveOn API error for path /proxy/:81/getHumHistory/: HTTP 500 - {"timestamp":"2026-05-05T19:31:15.282+0000","status":500,"error":"Internal Server Error","message":"500 Internal Server Error","path":"/WS_WAVEON/proxy/:81/getHumHistory/"}
2026-05-05T20:31:14.139+01:00 DEBUG 36496 --- [building-service] [           main] o.s.web.client.DefaultRestClient         : Writing [{unicast=22, id_client=171, id_network=1, id_user=8, token=Oc46IkUzO74h2PjeO879, start_timestamp=2026-05-04T19:31:00, end_timestamp=2026-05-05T19:31:00}] as "application/json" with org.springframework.http.converter.json.JacksonJsonHttpMessageConverter
2026-05-05T20:31:14.976+01:00 DEBUG 36496 --- [building-service] [           main] o.s.web.client.DefaultRestClient         : Reading to [java.lang.String] as "application/json;charset=UTF-8"
2026-05-05T20:31:14.980+01:00 DEBUG 36496 --- [building-service] [           main] o.s.web.client.DefaultRestClient         : Writing [{unicast=22, id_client=171, id_network=1, id_user=8, token=Oc46IkUzO74h2PjeO879, start_timestamp=2026-05-04T19:31:00, end_timestamp=2026-05-05T19:31:00}] as "application/json" with org.springframework.http.converter.json.JacksonJsonHttpMessageConverter
2026-05-05T20:31:15.315+01:00 ERROR 36496 --- [building-service] [           main] c.d.b.service.WaveonFusionService        : WaveOn API error for path /proxy/:81/getOccupancyHistory/: HTTP 500 - {"timestamp":"2026-05-05T19:31:16.463+0000","status":500,"error":"Internal Server Error","message":"500 Internal Server Error","path":"/WS_WAVEON/proxy/:81/getOccupancyHistory/"}
2026-05-05T20:31:15.319+01:00 DEBUG 36496 --- [building-service] [           main] o.s.web.client.DefaultRestClient         : Writing [{unicast=22, id_client=171, id_network=1, id_user=8, token=Oc46IkUzO74h2PjeO879, start_timestamp=2026-05-04T19:31:00, end_timestamp=2026-05-05T19:31:00}] as "application/json" with org.springframework.http.converter.json.JacksonJsonHttpMessageConverter
2026-05-05T20:31:15.732+01:00 ERROR 36496 --- [building-service] [           main] c.d.b.service.WaveonFusionService        : WaveOn API error for path /proxy/:81/getTempHistory/: HTTP 500 - {"timestamp":"2026-05-05T19:31:16.883+0000","status":500,"error":"Internal Server Error","message":"500 Internal Server Error","path":"/WS_WAVEON/proxy/:81/getTempHistory/"}
2026-05-05T20:31:15.737+01:00 DEBUG 36496 --- [building-service] [           main] o.s.web.client.DefaultRestClient         : Writing [{unicast=66001, id_client=171, id_network=1, id_user=8, token=Oc46IkUzO74h2PjeO879, start_time=2026-05-04T19:31, end_time=2026-05-05T19:31}] as "application/json" with org.springframework.http.converter.json.JacksonJsonHttpMessageConverter
2026-05-05T20:31:16.341+01:00 DEBUG 36496 --- [building-service] [           main] o.s.web.client.DefaultRestClient         : Reading to [java.lang.String] as "application/json;charset=UTF-8"
2026-05-05T20:31:16.344+01:00 DEBUG 36496 --- [building-service] [           main] o.s.web.client.DefaultRestClient         : Writing [{unicast=19, id_client=171, id_network=1, id_user=8, token=Oc46IkUzO74h2PjeO879, start_timestamp=2026-05-04T19:31:00, end_timestamp=2026-05-05T19:31:00}] as "application/json" with org.springframework.http.converter.json.JacksonJsonHttpMessageConverter
2026-05-05T20:31:16.763+01:00 ERROR 36496 --- [building-service] [           main] c.d.b.service.WaveonFusionService        : WaveOn API error for path /proxy/:81/getHumHistory/: HTTP 500 - {"timestamp":"2026-05-05T19:31:17.903+0000","status":500,"error":"Internal Server Error","message":"500 Internal Server Error","path":"/WS_WAVEON/proxy/:81/getHumHistory/"}
2026-05-05T20:31:16.767+01:00 DEBUG 36496 --- [building-service] [           main] o.s.web.client.DefaultRestClient         : Writing [{unicast=19, id_client=171, id_network=1, id_user=8, token=Oc46IkUzO74h2PjeO879, start_timestamp=2026-05-04T19:31:00, end_timestamp=2026-05-05T19:31:00}] as "application/json" with org.springframework.http.converter.json.JacksonJsonHttpMessageConverter
2026-05-05T20:31:17.473+01:00 ERROR 36496 --- [building-service] [           main] c.d.b.service.WaveonFusionService        : WaveOn API error for path /proxy/:81/getLumHistory/: HTTP 500 - {"timestamp":"2026-05-05T19:31:18.619+0000","status":500,"error":"Internal Server Error","message":"500 Internal Server Error","path":"/WS_WAVEON/proxy/:81/getLumHistory/"}
2026-05-05T20:31:17.477+01:00 DEBUG 36496 --- [building-service] [           main] o.s.web.client.DefaultRestClient         : Writing [{unicast=19, id_client=171, id_network=1, id_user=8, token=Oc46IkUzO74h2PjeO879, start_timestamp=2026-05-04T19:31:00, end_timestamp=2026-05-05T19:31:00}] as "application/json" with org.springframework.http.converter.json.JacksonJsonHttpMessageConverter
2026-05-05T20:31:18.041+01:00 ERROR 36496 --- [building-service] [           main] c.d.b.service.WaveonFusionService        : WaveOn API error for path /proxy/:81/getOccupancyHistory/: HTTP 500 - {"timestamp":"2026-05-05T19:31:19.187+0000","status":500,"error":"Internal Server Error","message":"500 Internal Server Error","path":"/WS_WAVEON/proxy/:81/getOccupancyHistory/"}
2026-05-05T20:31:18.042+01:00 DEBUG 36496 --- [building-service] [           main] o.s.web.client.DefaultRestClient         : Writing [{unicast=19, id_client=171, id_network=1, id_user=8, token=Oc46IkUzO74h2PjeO879, start_timestamp=2026-05-04T19:31:00, end_timestamp=2026-05-05T19:31:00}] as "application/json" with org.springframework.http.converter.json.JacksonJsonHttpMessageConverter
2026-05-05T20:31:18.665+01:00 ERROR 36496 --- [building-service] [           main] c.d.b.service.WaveonFusionService        : WaveOn API error for path /proxy/:81/getTempHistory/: HTTP 500 - {"timestamp":"2026-05-05T19:31:19.810+0000","status":500,"error":"Internal Server Error","message":"500 Internal Server Error","path":"/WS_WAVEON/proxy/:81/getTempHistory/"}
2026-05-05T20:31:18.666+01:00 DEBUG 36496 --- [building-service] [           main] o.s.web.client.DefaultRestClient         : Writing [{unicast=66001, id_client=171, id_network=1, id_user=8, token=Oc46IkUzO74h2PjeO879, start_time=2026-05-04T19:31, end_time=2026-05-05T19:31}] as "application/json" with org.springframework.http.converter.json.JacksonJsonHttpMessageConverter
2026-05-05T20:31:19.967+01:00 DEBUG 36496 --- [building-service] [           main] o.s.web.client.DefaultRestClient         : Reading to [java.lang.String] as "application/json;charset=UTF-8"
2026-05-05T20:31:19.968+01:00 DEBUG 36496 --- [building-service] [           main] o.s.web.client.DefaultRestClient         : Writing [{unicast=20, id_client=171, id_network=1, id_user=8, token=Oc46IkUzO74h2PjeO879, start_timestamp=2026-05-04T19:31:00, end_timestamp=2026-05-05T19:31:00}] as "application/json" with org.springframework.http.converter.json.JacksonJsonHttpMessageConverter
2026-05-05T20:31:20.341+01:00 ERROR 36496 --- [building-service] [           main] c.d.b.service.WaveonFusionService        : WaveOn API error for path /proxy/:81/getHumHistory/: HTTP 500 - {"timestamp":"2026-05-05T19:31:21.485+0000","status":500,"error":"Internal Server Error","message":"500 Internal Server Error","path":"/WS_WAVEON/proxy/:81/getHumHistory/"}
2026-05-05T20:31:20.345+01:00 DEBUG 36496 --- [building-service] [           main] o.s.web.client.DefaultRestClient         : Writing [{unicast=20, id_client=171, id_network=1, id_user=8, token=Oc46IkUzO74h2PjeO879, start_timestamp=2026-05-04T19:31:00, end_timestamp=2026-05-05T19:31:00}] as "application/json" with org.springframework.http.converter.json.JacksonJsonHttpMessageConverter
2026-05-05T20:31:21.424+01:00 DEBUG 36496 --- [building-service] [           main] o.s.web.client.DefaultRestClient         : Reading to [java.lang.String] as "application/json;charset=UTF-8"
2026-05-05T20:31:21.428+01:00 DEBUG 36496 --- [building-service] [           main] o.s.web.client.DefaultRestClient         : Writing [{unicast=20, id_client=171, id_network=1, id_user=8, token=Oc46IkUzO74h2PjeO879, start_timestamp=2026-05-04T19:31:00, end_timestamp=2026-05-05T19:31:00}] as "application/json" with org.springframework.http.converter.json.JacksonJsonHttpMessageConverter
2026-05-05T20:31:21.951+01:00 ERROR 36496 --- [building-service] [           main] c.d.b.service.WaveonFusionService        : WaveOn API error for path /proxy/:81/getOccupancyHistory/: HTTP 500 - {"timestamp":"2026-05-05T19:31:23.095+0000","status":500,"error":"Internal Server Error","message":"500 Internal Server Error","path":"/WS_WAVEON/proxy/:81/getOccupancyHistory/"}
2026-05-05T20:31:21.952+01:00 DEBUG 36496 --- [building-service] [           main] o.s.web.client.DefaultRestClient         : Writing [{unicast=20, id_client=171, id_network=1, id_user=8, token=Oc46IkUzO74h2PjeO879, start_timestamp=2026-05-04T19:31:00, end_timestamp=2026-05-05T19:31:00}] as "application/json" with org.springframework.http.converter.json.JacksonJsonHttpMessageConverter
2026-05-05T20:31:22.675+01:00 ERROR 36496 --- [building-service] [           main] c.d.b.service.WaveonFusionService        : WaveOn API error for path /proxy/:81/getTempHistory/: HTTP 500 - {"timestamp":"2026-05-05T19:31:23.822+0000","status":500,"error":"Internal Server Error","message":"500 Internal Server Error","path":"/WS_WAVEON/proxy/:81/getTempHistory/"}
2026-05-05T20:31:22.679+01:00 DEBUG 36496 --- [building-service] [           main] o.s.web.client.DefaultRestClient         : Writing [{unicast=66001, id_client=171, id_network=1, id_user=8, token=Oc46IkUzO74h2PjeO879, start_time=2026-05-04T19:31, end_time=2026-05-05T19:31}] as "application/json" with org.springframework.http.converter.json.JacksonJsonHttpMessageConverter
2026-05-05T20:31:23.890+01:00 DEBUG 36496 --- [building-service] [           main] o.s.web.client.DefaultRestClient         : Reading to [java.lang.String] as "application/json;charset=UTF-8"
2026-05-05T20:31:23.894+01:00 DEBUG 36496 --- [building-service] [           main] o.s.web.client.DefaultRestClient         : Writing [{unicast=15, id_client=171, id_network=1, id_user=8, token=Oc46IkUzO74h2PjeO879, start_timestamp=2026-05-04T19:31:00, end_timestamp=2026-05-05T19:31:00}] as "application/json" with org.springframework.http.converter.json.JacksonJsonHttpMessageConverter
2026-05-05T20:31:25.099+01:00 ERROR 36496 --- [building-service] [           main] c.d.b.service.WaveonFusionService        : WaveOn API error for path /proxy/:81/getHumHistory/: HTTP 500 - {"timestamp":"2026-05-05T19:31:26.246+0000","status":500,"error":"Internal Server Error","message":"500 Internal Server Error","path":"/WS_WAVEON/proxy/:81/getHumHistory/"}
2026-05-05T20:31:25.100+01:00 DEBUG 36496 --- [building-service] [           main] o.s.web.client.DefaultRestClient         : Writing [{unicast=15, id_client=171, id_network=1, id_user=8, token=Oc46IkUzO74h2PjeO879, start_timestamp=2026-05-04T19:31:00, end_timestamp=2026-05-05T19:31:00}] as "application/json" with org.springframework.http.converter.json.JacksonJsonHttpMessageConverter
2026-05-05T20:31:25.689+01:00 ERROR 36496 --- [building-service] [           main] c.d.b.service.WaveonFusionService        : WaveOn API error for path /proxy/:81/getLumHistory/: HTTP 500 - {"timestamp":"2026-05-05T19:31:26.836+0000","status":500,"error":"Internal Server Error","message":"500 Internal Server Error","path":"/WS_WAVEON/proxy/:81/getLumHistory/"}
2026-05-05T20:31:25.692+01:00 DEBUG 36496 --- [building-service] [           main] o.s.web.client.DefaultRestClient         : Writing [{unicast=15, id_client=171, id_network=1, id_user=8, token=Oc46IkUzO74h2PjeO879, start_timestamp=2026-05-04T19:31:00, end_timestamp=2026-05-05T19:31:00}] as "application/json" with org.springframework.http.converter.json.JacksonJsonHttpMessageConverter
2026-05-05T20:31:26.161+01:00 ERROR 36496 --- [building-service] [           main] c.d.b.service.WaveonFusionService        : WaveOn API error for path /proxy/:81/getOccupancyHistory/: HTTP 500 - {"timestamp":"2026-05-05T19:31:27.311+0000","status":500,"error":"Internal Server Error","message":"500 Internal Server Error","path":"/WS_WAVEON/proxy/:81/getOccupancyHistory/"}
2026-05-05T20:31:26.165+01:00 DEBUG 36496 --- [building-service] [           main] o.s.web.client.DefaultRestClient         : Writing [{unicast=15, id_client=171, id_network=1, id_user=8, token=Oc46IkUzO74h2PjeO879, start_timestamp=2026-05-04T19:31:00, end_timestamp=2026-05-05T19:31:00}] as "application/json" with org.springframework.http.converter.json.JacksonJsonHttpMessageConverter
2026-05-05T20:31:26.563+01:00 ERROR 36496 --- [building-service] [           main] c.d.b.service.WaveonFusionService        : WaveOn API error for path /proxy/:81/getTempHistory/: HTTP 500 - {"timestamp":"2026-05-05T19:31:27.708+0000","status":500,"error":"Internal Server Error","message":"500 Internal Server Error","path":"/WS_WAVEON/proxy/:81/getTempHistory/"}
2026-05-05T20:31:26.566+01:00 DEBUG 36496 --- [building-service] [           main] o.s.web.client.DefaultRestClient         : Writing [{unicast=66001, id_client=171, id_network=1, id_user=8, token=Oc46IkUzO74h2PjeO879, start_time=2026-05-04T19:31, end_time=2026-05-05T19:31}] as "application/json" with org.springframework.http.converter.json.JacksonJsonHttpMessageConverter
2026-05-05T20:31:27.346+01:00 DEBUG 36496 --- [building-service] [           main] o.s.web.client.DefaultRestClient         : Reading to [java.lang.String] as "application/json;charset=UTF-8"
2026-05-05T20:31:27.350+01:00 DEBUG 36496 --- [building-service] [           main] o.s.web.client.DefaultRestClient         : Writing [{unicast=16, id_client=171, id_network=1, id_user=8, token=Oc46IkUzO74h2PjeO879, start_timestamp=2026-05-04T19:31:00, end_timestamp=2026-05-05T19:31:00}] as "application/json" with org.springframework.http.converter.json.JacksonJsonHttpMessageConverter
2026-05-05T20:31:27.998+01:00 ERROR 36496 --- [building-service] [           main] c.d.b.service.WaveonFusionService        : WaveOn API error for path /proxy/:81/getHumHistory/: HTTP 500 - {"timestamp":"2026-05-05T19:31:29.142+0000","status":500,"error":"Internal Server Error","message":"500 Internal Server Error","path":"/WS_WAVEON/proxy/:81/getHumHistory/"}
2026-05-05T20:31:28.002+01:00 DEBUG 36496 --- [building-service] [           main] o.s.web.client.DefaultRestClient         : Writing [{unicast=16, id_client=171, id_network=1, id_user=8, token=Oc46IkUzO74h2PjeO879, start_timestamp=2026-05-04T19:31:00, end_timestamp=2026-05-05T19:31:00}] as "application/json" with org.springframework.http.converter.json.JacksonJsonHttpMessageConverter
2026-05-05T20:31:29.572+01:00 DEBUG 36496 --- [building-service] [           main] o.s.web.client.DefaultRestClient         : Reading to [java.lang.String] as "application/json;charset=UTF-8"
2026-05-05T20:31:29.645+01:00 DEBUG 36496 --- [building-service] [           main] o.s.web.client.DefaultRestClient         : Writing [{unicast=16, id_client=171, id_network=1, id_user=8, token=Oc46IkUzO74h2PjeO879, start_timestamp=2026-05-04T19:31:00, end_timestamp=2026-05-05T19:31:00}] as "application/json" with org.springframework.http.converter.json.JacksonJsonHttpMessageConverter
2026-05-05T20:31:30.405+01:00 ERROR 36496 --- [building-service] [           main] c.d.b.service.WaveonFusionService        : WaveOn API error for path /proxy/:81/getOccupancyHistory/: HTTP 500 - {"timestamp":"2026-05-05T19:31:31.552+0000","status":500,"error":"Internal Server Error","message":"500 Internal Server Error","path":"/WS_WAVEON/proxy/:81/getOccupancyHistory/"}
2026-05-05T20:31:30.409+01:00 DEBUG 36496 --- [building-service] [           main] o.s.web.client.DefaultRestClient         : Writing [{unicast=16, id_client=171, id_network=1, id_user=8, token=Oc46IkUzO74h2PjeO879, start_timestamp=2026-05-04T19:31:00, end_timestamp=2026-05-05T19:31:00}] as "application/json" with org.springframework.http.converter.json.JacksonJsonHttpMessageConverter
2026-05-05T20:31:31.530+01:00 ERROR 36496 --- [building-service] [           main] c.d.b.service.WaveonFusionService        : WaveOn API error for path /proxy/:81/getTempHistory/: HTTP 500 - {"timestamp":"2026-05-05T19:31:32.676+0000","status":500,"error":"Internal Server Error","message":"500 Internal Server Error","path":"/WS_WAVEON/proxy/:81/getTempHistory/"}
2026-05-05T20:31:31.531+01:00 DEBUG 36496 --- [building-service] [           main] o.s.web.client.DefaultRestClient         : Writing [{unicast=66001, id_client=171, id_network=1, id_user=8, token=Oc46IkUzO74h2PjeO879, start_time=2026-05-04T19:31, end_time=2026-05-05T19:31}] as "application/json" with org.springframework.http.converter.json.JacksonJsonHttpMessageConverter
2026-05-05T20:31:32.049+01:00 DEBUG 36496 --- [building-service] [           main] o.s.web.client.DefaultRestClient         : Reading to [java.lang.String] as "application/json;charset=UTF-8"
2026-05-05T20:31:32.053+01:00 DEBUG 36496 --- [building-service] [           main] o.s.web.client.DefaultRestClient         : Writing [{unicast=17, id_client=171, id_network=1, id_user=8, token=Oc46IkUzO74h2PjeO879, start_timestamp=2026-05-04T19:31:00, end_timestamp=2026-05-05T19:31:00}] as "application/json" with org.springframework.http.converter.json.JacksonJsonHttpMessageConverter
2026-05-05T20:31:32.858+01:00 DEBUG 36496 --- [building-service] [           main] o.s.web.client.DefaultRestClient         : Reading to [java.lang.String] as "application/json;charset=UTF-8"
2026-05-05T20:31:32.918+01:00 DEBUG 36496 --- [building-service] [           main] o.s.web.client.DefaultRestClient         : Writing [{unicast=17, id_client=171, id_network=1, id_user=8, token=Oc46IkUzO74h2PjeO879, start_timestamp=2026-05-04T19:31:00, end_timestamp=2026-05-05T19:31:00}] as "application/json" with org.springframework.http.converter.json.JacksonJsonHttpMessageConverter
2026-05-05T20:31:33.405+01:00 ERROR 36496 --- [building-service] [           main] c.d.b.service.WaveonFusionService        : WaveOn API error for path /proxy/:81/getLumHistory/: HTTP 500 - {"timestamp":"2026-05-05T19:31:34.554+0000","status":500,"error":"Internal Server Error","message":"500 Internal Server Error","path":"/WS_WAVEON/proxy/:81/getLumHistory/"}
2026-05-05T20:31:33.409+01:00 DEBUG 36496 --- [building-service] [           main] o.s.web.client.DefaultRestClient         : Writing [{unicast=17, id_client=171, id_network=1, id_user=8, token=Oc46IkUzO74h2PjeO879, start_timestamp=2026-05-04T19:31:00, end_timestamp=2026-05-05T19:31:00}] as "application/json" with org.springframework.http.converter.json.JacksonJsonHttpMessageConverter
2026-05-05T20:31:34.587+01:00 DEBUG 36496 --- [building-service] [           main] o.s.web.client.DefaultRestClient         : Reading to [java.lang.String] as "application/json;charset=UTF-8"
2026-05-05T20:31:34.591+01:00 DEBUG 36496 --- [building-service] [           main] o.s.web.client.DefaultRestClient         : Writing [{unicast=17, id_client=171, id_network=1, id_user=8, token=Oc46IkUzO74h2PjeO879, start_timestamp=2026-05-04T19:31:00, end_timestamp=2026-05-05T19:31:00}] as "application/json" with org.springframework.http.converter.json.JacksonJsonHttpMessageConverter
2026-05-05T20:31:35.679+01:00 DEBUG 36496 --- [building-service] [           main] o.s.web.client.DefaultRestClient         : Reading to [java.lang.String] as "application/json;charset=UTF-8"
2026-05-05T20:31:35.733+01:00 DEBUG 36496 --- [building-service] [           main] o.s.web.client.DefaultRestClient         : Writing [{unicast=66001, id_client=171, id_network=1, id_user=8, token=Oc46IkUzO74h2PjeO879, start_time=2026-05-04T19:31, end_time=2026-05-05T19:31}] as "application/json" with org.springframework.http.converter.json.JacksonJsonHttpMessageConverter
2026-05-05T20:31:36.178+01:00 DEBUG 36496 --- [building-service] [           main] o.s.web.client.DefaultRestClient         : Reading to [java.lang.String] as "application/json;charset=UTF-8"
2026-05-05T20:31:36.181+01:00 DEBUG 36496 --- [building-service] [           main] o.s.web.client.DefaultRestClient         : Writing [{unicast=18, id_client=171, id_network=1, id_user=8, token=Oc46IkUzO74h2PjeO879, start_timestamp=2026-05-04T19:31:00, end_timestamp=2026-05-05T19:31:00}] as "application/json" with org.springframework.http.converter.json.JacksonJsonHttpMessageConverter
2026-05-05T20:31:36.589+01:00 ERROR 36496 --- [building-service] [           main] c.d.b.service.WaveonFusionService        : WaveOn API error for path /proxy/:81/getHumHistory/: HTTP 500 - {"timestamp":"2026-05-05T19:31:37.735+0000","status":500,"error":"Internal Server Error","message":"500 Internal Server Error","path":"/WS_WAVEON/proxy/:81/getHumHistory/"}
2026-05-05T20:31:36.593+01:00 DEBUG 36496 --- [building-service] [           main] o.s.web.client.DefaultRestClient         : Writing [{unicast=18, id_client=171, id_network=1, id_user=8, token=Oc46IkUzO74h2PjeO879, start_timestamp=2026-05-04T19:31:00, end_timestamp=2026-05-05T19:31:00}] as "application/json" with org.springframework.http.converter.json.JacksonJsonHttpMessageConverter
2026-05-05T20:31:37.073+01:00 ERROR 36496 --- [building-service] [           main] c.d.b.service.WaveonFusionService        : WaveOn API error for path /proxy/:81/getLumHistory/: HTTP 500 - {"timestamp":"2026-05-05T19:31:38.220+0000","status":500,"error":"Internal Server Error","message":"500 Internal Server Error","path":"/WS_WAVEON/proxy/:81/getLumHistory/"}
2026-05-05T20:31:37.076+01:00 DEBUG 36496 --- [building-service] [           main] o.s.web.client.DefaultRestClient         : Writing [{unicast=18, id_client=171, id_network=1, id_user=8, token=Oc46IkUzO74h2PjeO879, start_timestamp=2026-05-04T19:31:00, end_timestamp=2026-05-05T19:31:00}] as "application/json" with org.springframework.http.converter.json.JacksonJsonHttpMessageConverter
2026-05-05T20:31:37.774+01:00 ERROR 36496 --- [building-service] [           main] c.d.b.service.WaveonFusionService        : WaveOn API error for path /proxy/:81/getOccupancyHistory/: HTTP 500 - {"timestamp":"2026-05-05T19:31:38.924+0000","status":500,"error":"Internal Server Error","message":"500 Internal Server Error","path":"/WS_WAVEON/proxy/:81/getOccupancyHistory/"}
2026-05-05T20:31:37.778+01:00 DEBUG 36496 --- [building-service] [           main] o.s.web.client.DefaultRestClient         : Writing [{unicast=18, id_client=171, id_network=1, id_user=8, token=Oc46IkUzO74h2PjeO879, start_timestamp=2026-05-04T19:31:00, end_timestamp=2026-05-05T19:31:00}] as "application/json" with org.springframework.http.converter.json.JacksonJsonHttpMessageConverter
2026-05-05T20:31:38.349+01:00 ERROR 36496 --- [building-service] [           main] c.d.b.service.WaveonFusionService        : WaveOn API error for path /proxy/:81/getTempHistory/: HTTP 500 - {"timestamp":"2026-05-05T19:31:39.494+0000","status":500,"error":"Internal Server Error","message":"500 Internal Server Error","path":"/WS_WAVEON/proxy/:81/getTempHistory/"}
2026-05-05T20:31:38.353+01:00  INFO 36496 --- [building-service] [           main] c.d.b.kafka.RealtimeSensorService        : Loaded 207 sensor definitions into cache
2026-05-05T20:31:38.572+01:00 DEBUG 36496 --- [building-service] [           main] o.s.w.s.s.s.WebSocketHandlerMapping      : Patterns [/ws/**] in 'stompWebSocketHandlerMapping'
2026-05-05T20:31:38.618+01:00  WARN 36496 --- [building-service] [           main] JpaBaseConfiguration$JpaWebConfiguration : spring.jpa.open-in-view is enabled by default. Therefore, database queries may be performed during view rendering. Explicitly configure spring.jpa.open-in-view to disable this warning
2026-05-05T20:31:38.643+01:00 DEBUG 36496 --- [building-service] [           main] .WebSocketAnnotationMethodMessageHandler : 
	c.d.b.c.BuildingController:
	
2026-05-05T20:31:38.648+01:00 DEBUG 36496 --- [building-service] [           main] .WebSocketAnnotationMethodMessageHandler : 
	o.s.b.w.a.e.BasicErrorController:
	
2026-05-05T20:31:38.775+01:00 DEBUG 36496 --- [building-service] [           main] s.w.s.m.m.a.RequestMappingHandlerMapping : 23 mappings in 'requestMappingHandlerMapping'
2026-05-05T20:31:38.814+01:00 DEBUG 36496 --- [building-service] [           main] o.s.w.s.handler.SimpleUrlHandlerMapping  : Patterns [/webjars/**, /**] in 'resourceHandlerMapping'
2026-05-05T20:31:38.855+01:00 DEBUG 36496 --- [building-service] [           main] s.w.s.m.m.a.RequestMappingHandlerAdapter : ControllerAdvice beans: 0 @ModelAttribute, 0 @InitBinder, 2 RequestBodyAdvice, 1 ResponseBodyAdvice
2026-05-05T20:31:38.913+01:00 DEBUG 36496 --- [building-service] [           main] .m.m.a.ExceptionHandlerExceptionResolver : ControllerAdvice beans: 0 @ExceptionHandler, 1 ResponseBodyAdvice
2026-05-05T20:31:39.062+01:00 DEBUG 36496 --- [building-service] [           main] org.springframework.web.SimpLogging      : clientOutboundChannel added SubProtocolWebSocketHandler[StompSubProtocolHandler[v10.stomp, v11.stomp, v12.stomp]]
2026-05-05T20:31:39.062+01:00 DEBUG 36496 --- [building-service] [           main] org.springframework.web.SimpLogging      : clientInboundChannel added WebSocketAnnotationMethodMessageHandler[prefixes=[/app/]]
2026-05-05T20:31:39.063+01:00  INFO 36496 --- [building-service] [           main] o.s.m.s.b.SimpleBrokerMessageHandler     : Starting...
2026-05-05T20:31:39.064+01:00 DEBUG 36496 --- [building-service] [           main] org.springframework.web.SimpLogging      : clientInboundChannel added SimpleBrokerMessageHandler [org.springframework.messaging.simp.broker.DefaultSubscriptionRegistry@76bdd222]
2026-05-05T20:31:39.064+01:00 DEBUG 36496 --- [building-service] [           main] org.springframework.web.SimpLogging      : brokerChannel added SimpleBrokerMessageHandler [org.springframework.messaging.simp.broker.DefaultSubscriptionRegistry@76bdd222]
2026-05-05T20:31:39.065+01:00  INFO 36496 --- [building-service] [           main] o.s.m.s.b.SimpleBrokerMessageHandler     : BrokerAvailabilityEvent[available=true, SimpleBrokerMessageHandler [org.springframework.messaging.simp.broker.DefaultSubscriptionRegistry@76bdd222]]
2026-05-05T20:31:39.066+01:00  INFO 36496 --- [building-service] [           main] o.s.m.s.b.SimpleBrokerMessageHandler     : Started.
2026-05-05T20:31:39.067+01:00 DEBUG 36496 --- [building-service] [           main] org.springframework.web.SimpLogging      : clientInboundChannel added UserDestinationMessageHandler[DefaultUserDestinationResolver[prefix=/user/]]
2026-05-05T20:31:39.067+01:00 DEBUG 36496 --- [building-service] [           main] org.springframework.web.SimpLogging      : brokerChannel added UserDestinationMessageHandler[DefaultUserDestinationResolver[prefix=/user/]]
2026-05-05T20:31:39.083+01:00 DEBUG 36496 --- [building-service] [           main] org.springframework.web.SimpLogging      : clientOutboundChannel removed SubProtocolWebSocketHandler[StompSubProtocolHandler[v10.stomp, v11.stomp, v12.stomp]]
2026-05-05T20:31:39.083+01:00 DEBUG 36496 --- [building-service] [           main] org.springframework.web.SimpLogging      : clientInboundChannel removed WebSocketAnnotationMethodMessageHandler[prefixes=[/app/]]
2026-05-05T20:31:39.084+01:00  INFO 36496 --- [building-service] [           main] o.s.m.s.b.SimpleBrokerMessageHandler     : Stopping...
2026-05-05T20:31:39.084+01:00  INFO 36496 --- [building-service] [           main] o.s.m.s.b.SimpleBrokerMessageHandler     : BrokerAvailabilityEvent[available=false, SimpleBrokerMessageHandler [org.springframework.messaging.simp.broker.DefaultSubscriptionRegistry@76bdd222]]
2026-05-05T20:31:39.084+01:00 DEBUG 36496 --- [building-service] [           main] org.springframework.web.SimpLogging      : clientInboundChannel removed SimpleBrokerMessageHandler [org.springframework.messaging.simp.broker.DefaultSubscriptionRegistry@76bdd222]
2026-05-05T20:31:39.084+01:00 DEBUG 36496 --- [building-service] [           main] org.springframework.web.SimpLogging      : brokerChannel removed SimpleBrokerMessageHandler [org.springframework.messaging.simp.broker.DefaultSubscriptionRegistry@76bdd222]
2026-05-05T20:31:39.085+01:00  INFO 36496 --- [building-service] [           main] o.s.m.s.b.SimpleBrokerMessageHandler     : Stopped.
2026-05-05T20:31:39.085+01:00 DEBUG 36496 --- [building-service] [           main] org.springframework.web.SimpLogging      : clientInboundChannel removed UserDestinationMessageHandler[DefaultUserDestinationResolver[prefix=/user/]]
2026-05-05T20:31:39.086+01:00 DEBUG 36496 --- [building-service] [           main] org.springframework.web.SimpLogging      : brokerChannel removed UserDestinationMessageHandler[DefaultUserDestinationResolver[prefix=/user/]]
2026-05-05T20:31:39.087+01:00  WARN 36496 --- [building-service] [           main] ConfigServletWebServerApplicationContext : Exception encountered during context initialization - cancelling refresh attempt: org.springframework.context.ApplicationContextException: Failed to start bean 'webServerStartStop'
2026-05-05T20:31:39.089+01:00  INFO 36496 --- [building-service] [           main] j.LocalContainerEntityManagerFactoryBean : Closing JPA EntityManagerFactory for persistence unit 'default'
2026-05-05T20:31:39.092+01:00  INFO 36496 --- [building-service] [           main] com.zaxxer.hikari.HikariDataSource       : HikariPool-1 - Shutdown initiated...
2026-05-05T20:31:39.099+01:00  INFO 36496 --- [building-service] [           main] com.zaxxer.hikari.HikariDataSource       : HikariPool-1 - Shutdown completed.
2026-05-05T20:31:39.119+01:00 DEBUG 36496 --- [building-service] [           main] .s.b.a.l.ConditionEvaluationReportLogger : 


============================
CONDITIONS EVALUATION REPORT
============================


Positive matches:
-----------------

   AopAutoConfiguration matched:
      - @ConditionalOnBooleanProperty (spring.aop.auto=true) matched (OnPropertyCondition)

   AopAutoConfiguration.AspectJAutoProxyingConfiguration matched:
      - @ConditionalOnClass found required class 'org.aspectj.weaver.Advice' (OnClassCondition)

   AopAutoConfiguration.AspectJAutoProxyingConfiguration.CglibAutoProxyConfiguration matched:
      - @ConditionalOnBooleanProperty (spring.aop.proxy-target-class=true) matched (OnPropertyCondition)

   ApplicationAvailabilityAutoConfiguration#applicationAvailability matched:
      - @ConditionalOnMissingBean (types: org.springframework.boot.availability.ApplicationAvailability; SearchStrategy: all) did not find any beans (OnBeanCondition)

   DataJpaRepositoriesAutoConfiguration matched:
      - @ConditionalOnClass found required class 'org.springframework.data.jpa.repository.JpaRepository' (OnClassCondition)
      - @ConditionalOnBooleanProperty (spring.data.jpa.repositories.enabled=true) matched (OnPropertyCondition)
      - @ConditionalOnBean (types: javax.sql.DataSource; SearchStrategy: all) found bean 'dataSource'; @ConditionalOnMissingBean (types: org.springframework.data.jpa.repository.support.JpaRepositoryFactoryBean,org.springframework.data.jpa.repository.config.JpaRepositoryConfigExtension; SearchStrategy: all) did not find any beans (OnBeanCondition)

   DataSourceAutoConfiguration matched:
      - @ConditionalOnClass found required classes 'javax.sql.DataSource', 'org.springframework.jdbc.datasource.embedded.EmbeddedDatabaseType' (OnClassCondition)
      - @ConditionalOnMissingBean (types: io.r2dbc.spi.ConnectionFactory; SearchStrategy: all) did not find any beans (OnBeanCondition)

   DataSourceAutoConfiguration.PooledDataSourceConfiguration matched:
      - AnyNestedCondition 1 matched 1 did not; NestedCondition on DataSourceAutoConfiguration.PooledDataSourceCondition.PooledDataSourceAvailable PooledDataSource found supported DataSource; NestedCondition on DataSourceAutoConfiguration.PooledDataSourceCondition.ExplicitType @ConditionalOnProperty (spring.datasource.type) did not find property 'spring.datasource.type' (DataSourceAutoConfiguration.PooledDataSourceCondition)
      - @ConditionalOnMissingBean (types: javax.sql.DataSource,javax.sql.XADataSource; SearchStrategy: all) did not find any beans (OnBeanCondition)

   DataSourceAutoConfiguration.PooledDataSourceConfiguration#jdbcConnectionDetails matched:
      - @ConditionalOnMissingBean (types: org.springframework.boot.jdbc.autoconfigure.JdbcConnectionDetails; SearchStrategy: all) did not find any beans (OnBeanCondition)

   DataSourceConfiguration.Hikari matched:
      - @ConditionalOnClass found required class 'com.zaxxer.hikari.HikariDataSource' (OnClassCondition)
      - @ConditionalOnProperty (spring.datasource.type=com.zaxxer.hikari.HikariDataSource) matched (OnPropertyCondition)
      - @ConditionalOnMissingBean (types: javax.sql.DataSource; SearchStrategy: all) did not find any beans (OnBeanCondition)

   DataSourceInitializationAutoConfiguration matched:
      - @ConditionalOnClass found required class 'org.springframework.jdbc.datasource.init.DatabasePopulator' (OnClassCondition)
      - SQL InitializationDatabase Initialization default value is EMBEDDED (OnSqlInitializationCondition)
      - @ConditionalOnSingleCandidate (types: javax.sql.DataSource; SearchStrategy: all) found a single bean 'dataSource'; @ConditionalOnMissingBean (types: org.springframework.boot.sql.autoconfigure.init.ApplicationScriptDatabaseInitializer; SearchStrategy: all) did not find any beans (OnBeanCondition)

   DataSourcePoolMetadataProvidersConfiguration.HikariPoolDataSourceMetadataProviderConfiguration matched:
      - @ConditionalOnClass found required class 'com.zaxxer.hikari.HikariDataSource' (OnClassCondition)

   DataSourceTransactionManagerAutoConfiguration matched:
      - @ConditionalOnClass found required classes 'javax.sql.DataSource', 'org.springframework.jdbc.core.JdbcTemplate', 'org.springframework.transaction.TransactionManager' (OnClassCondition)

   DataSourceTransactionManagerAutoConfiguration.JdbcTransactionManagerConfiguration matched:
      - @ConditionalOnSingleCandidate (types: javax.sql.DataSource; SearchStrategy: all) found a single bean 'dataSource' (OnBeanCondition)

   DataWebAutoConfiguration matched:
      - @ConditionalOnClass found required classes 'org.springframework.data.web.PageableHandlerMethodArgumentResolver', 'org.springframework.web.servlet.config.annotation.WebMvcConfigurer' (OnClassCondition)
      - found 'session' scope (OnWebApplicationCondition)
      - @ConditionalOnMissingBean (types: org.springframework.data.web.PageableHandlerMethodArgumentResolver; SearchStrategy: all) did not find any beans (OnBeanCondition)

   DataWebAutoConfiguration#pageableCustomizer matched:
      - @ConditionalOnMissingBean (types: org.springframework.data.web.config.PageableHandlerMethodArgumentResolverCustomizer; SearchStrategy: all) did not find any beans (OnBeanCondition)

   DataWebAutoConfiguration#sortCustomizer matched:
      - @ConditionalOnMissingBean (types: org.springframework.data.web.config.SortHandlerMethodArgumentResolverCustomizer; SearchStrategy: all) did not find any beans (OnBeanCondition)

   DataWebAutoConfiguration#springDataWebSettings matched:
      - @ConditionalOnMissingBean (types: org.springframework.data.web.config.SpringDataWebSettings; SearchStrategy: all) did not find any beans (OnBeanCondition)

   DispatcherServletAutoConfiguration matched:
      - @ConditionalOnClass found required class 'org.springframework.web.servlet.DispatcherServlet' (OnClassCondition)
      - found 'session' scope (OnWebApplicationCondition)

   DispatcherServletAutoConfiguration.DispatcherServletConfiguration matched:
      - @ConditionalOnClass found required class 'jakarta.servlet.ServletRegistration' (OnClassCondition)
      - Default DispatcherServlet did not find dispatcher servlet beans (DispatcherServletAutoConfiguration.DefaultDispatcherServletCondition)

   DispatcherServletAutoConfiguration.DispatcherServletRegistrationConfiguration matched:
      - @ConditionalOnClass found required class 'jakarta.servlet.ServletRegistration' (OnClassCondition)
      - DispatcherServlet Registration did not find servlet registration bean (DispatcherServletAutoConfiguration.DispatcherServletRegistrationCondition)

   DispatcherServletAutoConfiguration.DispatcherServletRegistrationConfiguration#dispatcherServletRegistration matched:
      - @ConditionalOnBean (names: dispatcherServlet types: org.springframework.web.servlet.DispatcherServlet; SearchStrategy: all) found bean 'dispatcherServlet' (OnBeanCondition)

   ErrorMvcAutoConfiguration matched:
      - @ConditionalOnClass found required classes 'jakarta.servlet.Servlet', 'org.springframework.web.servlet.DispatcherServlet' (OnClassCondition)
      - found 'session' scope (OnWebApplicationCondition)

   ErrorMvcAutoConfiguration#basicErrorController matched:
      - @ConditionalOnMissingBean (types: org.springframework.boot.webmvc.error.ErrorController; SearchStrategy: current) did not find any beans (OnBeanCondition)

   ErrorMvcAutoConfiguration#errorAttributes matched:
      - @ConditionalOnMissingBean (types: org.springframework.boot.webmvc.error.ErrorAttributes; SearchStrategy: current) did not find any beans (OnBeanCondition)

   ErrorMvcAutoConfiguration.DefaultErrorViewResolverConfiguration#conventionErrorViewResolver matched:
      - @ConditionalOnBean (types: org.springframework.web.servlet.DispatcherServlet; SearchStrategy: all) found bean 'dispatcherServlet'; @ConditionalOnMissingBean (types: org.springframework.boot.webmvc.autoconfigure.error.ErrorViewResolver; SearchStrategy: all) did not find any beans (OnBeanCondition)

   ErrorMvcAutoConfiguration.WhitelabelErrorViewConfiguration matched:
      - @ConditionalOnBooleanProperty (spring.web.error.whitelabel.enabled=true) matched (OnPropertyCondition)
      - ErrorTemplate Missing did not find error template view (ErrorMvcAutoConfiguration.ErrorTemplateMissingCondition)

   ErrorMvcAutoConfiguration.WhitelabelErrorViewConfiguration#beanNameViewResolver matched:
      - @ConditionalOnMissingBean (types: org.springframework.web.servlet.view.BeanNameViewResolver; SearchStrategy: all) did not find any beans (OnBeanCondition)

   ErrorMvcAutoConfiguration.WhitelabelErrorViewConfiguration#defaultErrorView matched:
      - @ConditionalOnMissingBean (names: error; SearchStrategy: all) did not find any beans (OnBeanCondition)

   HibernateJpaAutoConfiguration matched:
      - @ConditionalOnClass found required classes 'org.springframework.orm.jpa.LocalContainerEntityManagerFactoryBean', 'jakarta.persistence.EntityManager', 'org.hibernate.engine.spi.SessionImplementor' (OnClassCondition)

   HibernateJpaConfiguration matched:
      - @ConditionalOnSingleCandidate (types: javax.sql.DataSource; SearchStrategy: all) found a single bean 'dataSource' (OnBeanCondition)

   HttpEncodingAutoConfiguration matched:
      - @ConditionalOnClass found required class 'org.springframework.web.filter.CharacterEncodingFilter' (OnClassCondition)
      - found 'session' scope (OnWebApplicationCondition)
      - @ConditionalOnBooleanProperty (spring.servlet.encoding.enabled=true) matched (OnPropertyCondition)

   HttpEncodingAutoConfiguration#characterEncodingFilter matched:
      - @ConditionalOnMissingBean (types: org.springframework.web.filter.CharacterEncodingFilter; SearchStrategy: all) did not find any beans (OnBeanCondition)

   HttpMessageConvertersAutoConfiguration matched:
      - @ConditionalOnClass found required class 'org.springframework.http.converter.HttpMessageConverter' (OnClassCondition)
      - NoneNestedConditions 0 matched 1 did not; NestedCondition on HttpMessageConvertersAutoConfiguration.NotReactiveWebApplicationCondition.ReactiveWebApplication did not find reactive web application classes (HttpMessageConvertersAutoConfiguration.NotReactiveWebApplicationCondition)

   HttpMessageConvertersAutoConfiguration.StringHttpMessageConverterConfiguration#stringHttpMessageConvertersCustomizer matched:
      - @ConditionalOnMissingBean (types: org.springframework.http.converter.StringHttpMessageConverter; SearchStrategy: all) did not find any beans (OnBeanCondition)

   JacksonAutoConfiguration matched:
      - @ConditionalOnClass found required class 'tools.jackson.databind.json.JsonMapper' (OnClassCondition)

   JacksonAutoConfiguration#jacksonJsonMapper matched:
      - @ConditionalOnMissingBean (types: tools.jackson.databind.json.JsonMapper; SearchStrategy: all) did not find any beans (OnBeanCondition)

   JacksonAutoConfiguration#jsonMapperBuilder matched:
      - @ConditionalOnMissingBean (types: tools.jackson.databind.json.JsonMapper$Builder; SearchStrategy: all) did not find any beans (OnBeanCondition)

   JacksonAutoConfiguration.JsonProblemDetailsConfiguration matched:
      - @ConditionalOnClass found required class 'org.springframework.http.ProblemDetail' (OnClassCondition)

   JacksonHttpMessageConvertersConfiguration.JacksonJsonHttpMessageConverterConfiguration matched:
      - @ConditionalOnClass found required class 'tools.jackson.databind.json.JsonMapper' (OnClassCondition)
      - @ConditionalOnProperty (spring.http.converters.preferred-json-mapper=jackson) matched (OnPropertyCondition)
      - @ConditionalOnBean (types: tools.jackson.databind.json.JsonMapper; SearchStrategy: all) found bean 'jacksonJsonMapper' (OnBeanCondition)

   JacksonHttpMessageConvertersConfiguration.JacksonJsonHttpMessageConverterConfiguration#jacksonJsonHttpMessageConvertersCustomizer matched:
      - @ConditionalOnMissingBean (types: org.springframework.http.converter.json.JacksonJsonHttpMessageConverter ignored: org.springframework.hateoas.server.mvc.TypeConstrainedJacksonJsonHttpMessageConverter,org.springframework.data.rest.webmvc.alps.AlpsJacksonJsonHttpMessageConverter; SearchStrategy: all) did not find any beans (OnBeanCondition)

   JdbcClientAutoConfiguration matched:
      - @ConditionalOnSingleCandidate (types: org.springframework.jdbc.core.namedparam.NamedParameterJdbcTemplate; SearchStrategy: all) found a single bean 'namedParameterJdbcTemplate'; @ConditionalOnMissingBean (types: org.springframework.jdbc.core.simple.JdbcClient; SearchStrategy: all) did not find any beans (OnBeanCondition)

   JdbcTemplateAutoConfiguration matched:
      - @ConditionalOnClass found required classes 'javax.sql.DataSource', 'org.springframework.jdbc.core.JdbcTemplate' (OnClassCondition)
      - @ConditionalOnSingleCandidate (types: javax.sql.DataSource; SearchStrategy: all) found a single bean 'dataSource' (OnBeanCondition)

   JdbcTemplateConfiguration matched:
      - @ConditionalOnMissingBean (types: org.springframework.jdbc.core.JdbcOperations; SearchStrategy: all) did not find any beans (OnBeanCondition)

   JpaBaseConfiguration#entityManagerFactory matched:
      - @ConditionalOnMissingBean (types: org.springframework.orm.jpa.LocalContainerEntityManagerFactoryBean,jakarta.persistence.EntityManagerFactory; SearchStrategy: all) did not find any beans (OnBeanCondition)

   JpaBaseConfiguration#entityManagerFactoryBuilder matched:
      - @ConditionalOnMissingBean (types: org.springframework.boot.jpa.EntityManagerFactoryBuilder; SearchStrategy: all) did not find any beans (OnBeanCondition)

   JpaBaseConfiguration#jpaVendorAdapter matched:
      - @ConditionalOnMissingBean (types: org.springframework.orm.jpa.JpaVendorAdapter; SearchStrategy: all) did not find any beans (OnBeanCondition)

   JpaBaseConfiguration#transactionManager matched:
      - @ConditionalOnMissingBean (types: org.springframework.transaction.TransactionManager; SearchStrategy: all) did not find any beans (OnBeanCondition)

   JpaBaseConfiguration.JpaWebConfiguration matched:
      - @ConditionalOnClass found required class 'org.springframework.web.servlet.config.annotation.WebMvcConfigurer' (OnClassCondition)
      - found 'session' scope (OnWebApplicationCondition)
      - @ConditionalOnBooleanProperty (spring.jpa.open-in-view=true) matched (OnPropertyCondition)
      - @ConditionalOnMissingBean (types: org.springframework.orm.jpa.support.OpenEntityManagerInViewInterceptor,org.springframework.orm.jpa.support.OpenEntityManagerInViewFilter; SearchStrategy: all) did not find any beans (OnBeanCondition)

   JpaBaseConfiguration.PersistenceManagedTypesConfiguration matched:
      - @ConditionalOnMissingBean (types: org.springframework.orm.jpa.LocalContainerEntityManagerFactoryBean,jakarta.persistence.EntityManagerFactory; SearchStrategy: all) did not find any beans (OnBeanCondition)

   JpaBaseConfiguration.PersistenceManagedTypesConfiguration#persistenceManagedTypes matched:
      - @ConditionalOnMissingBean (types: org.springframework.orm.jpa.persistenceunit.PersistenceManagedTypes; SearchStrategy: all) did not find any beans (OnBeanCondition)

   JtaAutoConfiguration matched:
      - @ConditionalOnClass found required class 'jakarta.transaction.Transaction' (OnClassCondition)
      - @ConditionalOnBooleanProperty (spring.jta.enabled=true) matched (OnPropertyCondition)

   LifecycleAutoConfiguration#defaultLifecycleProcessor matched:
      - @ConditionalOnMissingBean (names: lifecycleProcessor; SearchStrategy: current) did not find any beans (OnBeanCondition)

   MultipartAutoConfiguration matched:
      - @ConditionalOnClass found required classes 'jakarta.servlet.Servlet', 'org.springframework.web.multipart.support.StandardServletMultipartResolver', 'jakarta.servlet.MultipartConfigElement' (OnClassCondition)
      - found 'session' scope (OnWebApplicationCondition)
      - @ConditionalOnBooleanProperty (spring.servlet.multipart.enabled=true) matched (OnPropertyCondition)

   MultipartAutoConfiguration#multipartConfigElement matched:
      - @ConditionalOnMissingBean (types: jakarta.servlet.MultipartConfigElement; SearchStrategy: all) did not find any beans (OnBeanCondition)

   MultipartAutoConfiguration#multipartResolver matched:
      - @ConditionalOnMissingBean (types: org.springframework.web.multipart.MultipartResolver; SearchStrategy: all) did not find any beans (OnBeanCondition)

   NamedParameterJdbcTemplateConfiguration matched:
      - @ConditionalOnSingleCandidate (types: org.springframework.jdbc.core.JdbcTemplate; SearchStrategy: all) found a single bean 'jdbcTemplate'; @ConditionalOnMissingBean (types: org.springframework.jdbc.core.namedparam.NamedParameterJdbcOperations; SearchStrategy: all) did not find any beans (OnBeanCondition)

   PersistenceExceptionTranslationAutoConfiguration matched:
      - @ConditionalOnClass found required class 'org.springframework.dao.annotation.PersistenceExceptionTranslationPostProcessor' (OnClassCondition)

   PersistenceExceptionTranslationAutoConfiguration#persistenceExceptionTranslationPostProcessor matched:
      - @ConditionalOnBooleanProperty (spring.persistence.exceptiontranslation.enabled=true) matched (OnPropertyCondition)
      - @ConditionalOnMissingBean (types: org.springframework.dao.annotation.PersistenceExceptionTranslationPostProcessor; SearchStrategy: all) did not find any beans (OnBeanCondition)

   PropertyPlaceholderAutoConfiguration#propertySourcesPlaceholderConfigurer matched:
      - @ConditionalOnMissingBean (types: org.springframework.context.support.PropertySourcesPlaceholderConfigurer; SearchStrategy: current) did not find any beans (OnBeanCondition)

   SensorPollingScheduler matched:
      - @ConditionalOnProperty (building.fusion-api.enabled=true) matched (OnPropertyCondition)

   SslAutoConfiguration#sslBundleRegistry matched:
      - @ConditionalOnMissingBean (types: org.springframework.boot.ssl.SslBundleRegistry,org.springframework.boot.ssl.SslBundles; SearchStrategy: all) did not find any beans (OnBeanCondition)

   TaskExecutionAutoConfiguration matched:
      - @ConditionalOnClass found required class 'org.springframework.scheduling.concurrent.ThreadPoolTaskExecutor' (OnClassCondition)

   TaskExecutorConfigurations.SimpleAsyncTaskExecutorBuilderConfiguration#simpleAsyncTaskExecutorBuilder matched:
      - @ConditionalOnMissingBean (types: org.springframework.boot.task.SimpleAsyncTaskExecutorBuilder; SearchStrategy: all) did not find any beans (OnBeanCondition)
      - @ConditionalOnThreading found PLATFORM (OnThreadingCondition)

   TaskExecutorConfigurations.ThreadPoolTaskExecutorBuilderConfiguration#threadPoolTaskExecutorBuilder matched:
      - @ConditionalOnMissingBean (types: org.springframework.boot.task.ThreadPoolTaskExecutorBuilder; SearchStrategy: all) did not find any beans (OnBeanCondition)

   TaskSchedulingAutoConfiguration matched:
      - @ConditionalOnClass found required class 'org.springframework.scheduling.concurrent.ThreadPoolTaskScheduler' (OnClassCondition)

   TaskSchedulingAutoConfiguration#scheduledBeanLazyInitializationExcludeFilter matched:
      - @ConditionalOnBean (names: org.springframework.scheduling.config.internalScheduledAnnotationProcessor; SearchStrategy: all) found bean 'org.springframework.scheduling.config.internalScheduledAnnotationProcessor' (OnBeanCondition)

   TaskSchedulingConfigurations.SimpleAsyncTaskSchedulerBuilderConfiguration#simpleAsyncTaskSchedulerBuilder matched:
      - @ConditionalOnMissingBean (types: org.springframework.boot.task.SimpleAsyncTaskSchedulerBuilder; SearchStrategy: all) did not find any beans (OnBeanCondition)
      - @ConditionalOnThreading found PLATFORM (OnThreadingCondition)

   TaskSchedulingConfigurations.ThreadPoolTaskSchedulerBuilderConfiguration#threadPoolTaskSchedulerBuilder matched:
      - @ConditionalOnMissingBean (types: org.springframework.boot.task.ThreadPoolTaskSchedulerBuilder; SearchStrategy: all) did not find any beans (OnBeanCondition)

   TomcatServletWebServerAutoConfiguration matched:
      - @ConditionalOnClass found required classes 'jakarta.servlet.ServletRequest', 'org.apache.catalina.startup.Tomcat', 'org.apache.coyote.UpgradeProtocol', 'org.springframework.boot.tomcat.servlet.TomcatServletWebServerFactory' (OnClassCondition)
      - found 'session' scope (OnWebApplicationCondition)

   TomcatServletWebServerAutoConfiguration#tomcatServletWebServerFactory matched:
      - @ConditionalOnMissingBean (types: org.springframework.boot.web.server.servlet.ServletWebServerFactory; SearchStrategy: current) did not find any beans (OnBeanCondition)

   TomcatWebServerConfiguration matched:
      - @ConditionalOnWarDeployment the application is not deployed as a WAR file. (OnWarDeploymentCondition)

   TomcatWebServerConfiguration.TomcatWebSocketConfiguration matched:
      - @ConditionalOnClass found required class 'org.apache.tomcat.websocket.server.WsSci' (OnClassCondition)

   TransactionAutoConfiguration matched:
      - @ConditionalOnClass found required class 'org.springframework.transaction.PlatformTransactionManager' (OnClassCondition)

   TransactionAutoConfiguration.EnableTransactionManagementConfiguration matched:
      - @ConditionalOnBean (types: org.springframework.transaction.TransactionManager; SearchStrategy: all) found bean 'transactionManager'; @ConditionalOnMissingBean (types: org.springframework.transaction.annotation.AbstractTransactionManagementConfiguration; SearchStrategy: all) did not find any beans (OnBeanCondition)

   TransactionAutoConfiguration.EnableTransactionManagementConfiguration.CglibAutoProxyConfiguration matched:
      - @ConditionalOnBooleanProperty (spring.aop.proxy-target-class=true) matched (OnPropertyCondition)

   TransactionAutoConfiguration.TransactionTemplateConfiguration matched:
      - @ConditionalOnSingleCandidate (types: org.springframework.transaction.PlatformTransactionManager; SearchStrategy: all) found a single bean 'transactionManager' (OnBeanCondition)

   TransactionAutoConfiguration.TransactionTemplateConfiguration#transactionTemplate matched:
      - @ConditionalOnMissingBean (types: org.springframework.transaction.support.TransactionOperations; SearchStrategy: all) did not find any beans (OnBeanCondition)

   TransactionManagerCustomizationAutoConfiguration matched:
      - @ConditionalOnClass found required class 'org.springframework.transaction.PlatformTransactionManager' (OnClassCondition)

   TransactionManagerCustomizationAutoConfiguration#platformTransactionManagerCustomizers matched:
      - @ConditionalOnMissingBean (types: org.springframework.boot.transaction.autoconfigure.TransactionManagerCustomizers; SearchStrategy: all) did not find any beans (OnBeanCondition)

   WebMvcAutoConfiguration matched:
      - @ConditionalOnClass found required classes 'jakarta.servlet.Servlet', 'org.springframework.web.servlet.DispatcherServlet', 'org.springframework.web.servlet.config.annotation.WebMvcConfigurer' (OnClassCondition)
      - found 'session' scope (OnWebApplicationCondition)
      - @ConditionalOnMissingBean (types: org.springframework.web.servlet.config.annotation.WebMvcConfigurationSupport; SearchStrategy: all) did not find any beans (OnBeanCondition)

   WebMvcAutoConfiguration#formContentFilter matched:
      - @ConditionalOnBooleanProperty (spring.mvc.formcontent.filter.enabled=true) matched (OnPropertyCondition)
      - @ConditionalOnMissingBean (types: org.springframework.web.filter.FormContentFilter; SearchStrategy: all) did not find any beans (OnBeanCondition)

   WebMvcAutoConfiguration.EnableWebMvcConfiguration#flashMapManager matched:
      - @ConditionalOnMissingBean (names: flashMapManager; SearchStrategy: all) did not find any beans (OnBeanCondition)

   WebMvcAutoConfiguration.EnableWebMvcConfiguration#localeResolver matched:
      - @ConditionalOnMissingBean (names: localeResolver; SearchStrategy: all) did not find any beans (OnBeanCondition)

   WebMvcAutoConfiguration.EnableWebMvcConfiguration#viewNameTranslator matched:
      - @ConditionalOnMissingBean (names: viewNameTranslator; SearchStrategy: all) did not find any beans (OnBeanCondition)

   WebMvcAutoConfiguration.WebMvcAutoConfigurationAdapter#defaultViewResolver matched:
      - @ConditionalOnMissingBean (types: org.springframework.web.servlet.view.InternalResourceViewResolver; SearchStrategy: all) did not find any beans (OnBeanCondition)

   WebMvcAutoConfiguration.WebMvcAutoConfigurationAdapter#requestContextFilter matched:
      - @ConditionalOnMissingBean (types: org.springframework.web.context.request.RequestContextListener,org.springframework.web.filter.RequestContextFilter; SearchStrategy: all) did not find any beans (OnBeanCondition)

   WebMvcAutoConfiguration.WebMvcAutoConfigurationAdapter#viewResolver matched:
      - @ConditionalOnBean (types: org.springframework.web.servlet.ViewResolver; SearchStrategy: all) found beans 'defaultViewResolver', 'beanNameViewResolver', 'mvcViewResolver'; @ConditionalOnMissingBean (names: viewResolver types: org.springframework.web.servlet.view.ContentNegotiatingViewResolver; SearchStrategy: all) did not find any beans (OnBeanCondition)

   WebSocketMessagingAutoConfiguration matched:
      - @ConditionalOnClass found required class 'org.springframework.web.socket.config.annotation.WebSocketMessageBrokerConfigurer' (OnClassCondition)
      - found 'session' scope (OnWebApplicationCondition)

   WebSocketMessagingAutoConfiguration.JacksonWebSocketMessageConverterConfiguration matched:
      - @ConditionalOnClass found required class 'tools.jackson.databind.json.JsonMapper' (OnClassCondition)
      - @ConditionalOnProperty (spring.websocket.messaging.preferred-json-mapper=jackson) matched (OnPropertyCondition)

   WebSocketMessagingAutoConfiguration.SpringBootWebSocketMessageBrokerConfiguration matched:
      - @ConditionalOnClass found required classes 'tools.jackson.databind.json.JsonMapper', 'org.springframework.messaging.simp.config.AbstractMessageBrokerConfiguration' (OnClassCondition)
      - @ConditionalOnBean (types: org.springframework.web.socket.config.annotation.DelegatingWebSocketMessageBrokerConfiguration,tools.jackson.databind.json.JsonMapper; SearchStrategy: all) found beans 'jacksonJsonMapper', 'org.springframework.web.socket.config.annotation.DelegatingWebSocketMessageBrokerConfiguration' (OnBeanCondition)


Negative matches:
-----------------

   AopAutoConfiguration.AspectJAutoProxyingConfiguration.JdkDynamicAutoProxyConfiguration:
      Did not match:
         - @ConditionalOnBooleanProperty (spring.aop.proxy-target-class=false) did not find property 'spring.aop.proxy-target-class' (OnPropertyCondition)

   AopAutoConfiguration.ClassProxyingConfiguration:
      Did not match:
         - @ConditionalOnMissingClass found unwanted class 'org.aspectj.weaver.Advice' (OnClassCondition)

   DataJpaRepositoriesAutoConfiguration#entityManagerFactoryBootstrapExecutorCustomizer:
      Did not match:
         - AnyNestedCondition 0 matched 2 did not; NestedCondition on DataJpaRepositoriesAutoConfiguration.BootstrapExecutorCondition.LazyBootstrapMode @ConditionalOnProperty (spring.data.jpa.repositories.bootstrap-mode=lazy) did not find property 'spring.data.jpa.repositories.bootstrap-mode'; NestedCondition on DataJpaRepositoriesAutoConfiguration.BootstrapExecutorCondition.DeferredBootstrapMode @ConditionalOnProperty (spring.data.jpa.repositories.bootstrap-mode=deferred) did not find property 'spring.data.jpa.repositories.bootstrap-mode' (DataJpaRepositoriesAutoConfiguration.BootstrapExecutorCondition)

   DataRepositoryMetricsAutoConfiguration:
      Did not match:
         - @ConditionalOnBean did not find required type 'io.micrometer.core.instrument.MeterRegistry' (OnBeanCondition)

   DataSourceAutoConfiguration.EmbeddedDatabaseConfiguration:
      Did not match:
         - EmbeddedDataSource spring.datasource.url is set (DataSourceAutoConfiguration.EmbeddedDatabaseCondition)

   DataSourceCheckpointRestoreConfiguration:
      Did not match:
         - @ConditionalOnClass did not find required class 'org.crac.Resource' (OnClassCondition)

   DataSourceConfiguration.Dbcp2:
      Did not match:
         - @ConditionalOnClass did not find required class 'org.apache.commons.dbcp2.BasicDataSource' (OnClassCondition)

   DataSourceConfiguration.Generic:
      Did not match:
         - @ConditionalOnProperty (spring.datasource.type) did not find property 'spring.datasource.type' (OnPropertyCondition)

   DataSourceConfiguration.OracleUcp:
      Did not match:
         - @ConditionalOnClass did not find required classes 'oracle.ucp.jdbc.PoolDataSourceImpl', 'oracle.jdbc.OracleConnection' (OnClassCondition)

   DataSourceConfiguration.Tomcat:
      Did not match:
         - @ConditionalOnClass did not find required class 'org.apache.tomcat.jdbc.pool.DataSource' (OnClassCondition)

   DataSourceHealthContributorAutoConfiguration:
      Did not match:
         - @ConditionalOnClass did not find required class 'org.springframework.boot.health.autoconfigure.contributor.ConditionalOnEnabledHealthIndicator' (OnClassCondition)

   DataSourceJmxConfiguration:
      Did not match:
         - @ConditionalOnBooleanProperty (spring.jmx.enabled=true) did not find property 'spring.jmx.enabled' (OnPropertyCondition)

   DataSourcePoolMetadataProvidersConfiguration.CommonsDbcp2PoolDataSourceMetadataProviderConfiguration:
      Did not match:
         - @ConditionalOnClass did not find required class 'org.apache.commons.dbcp2.BasicDataSource' (OnClassCondition)

   DataSourcePoolMetadataProvidersConfiguration.OracleUcpPoolDataSourceMetadataProviderConfiguration:
      Did not match:
         - @ConditionalOnClass did not find required classes 'oracle.ucp.jdbc.PoolDataSource', 'oracle.jdbc.OracleConnection' (OnClassCondition)

   DataSourcePoolMetadataProvidersConfiguration.TomcatDataSourcePoolMetadataProviderConfiguration:
      Did not match:
         - @ConditionalOnClass did not find required class 'org.apache.tomcat.jdbc.pool.DataSource' (OnClassCondition)

   DataSourcePoolMetricsAutoConfiguration:
      Did not match:
         - @ConditionalOnClass did not find required class 'io.micrometer.core.instrument.MeterRegistry' (OnClassCondition)

   DataSourceTransactionManagerAutoConfiguration.JdbcTransactionManagerConfiguration#transactionManager:
      Did not match:
         - @ConditionalOnMissingBean (types: org.springframework.transaction.TransactionManager; SearchStrategy: all) found beans of type 'org.springframework.transaction.TransactionManager' transactionManager (OnBeanCondition)

   DispatcherServletAutoConfiguration.DispatcherServletConfiguration#multipartResolver:
      Did not match:
         - @ConditionalOnBean (types: org.springframework.web.multipart.MultipartResolver; SearchStrategy: all) did not find any beans of type org.springframework.web.multipart.MultipartResolver (OnBeanCondition)

   GsonHttpMessageConvertersConfiguration:
      Did not match:
         - @ConditionalOnClass did not find required class 'com.google.gson.Gson' (OnClassCondition)

   HibernateMetricsAutoConfiguration:
      Did not match:
         - @ConditionalOnClass did not find required class 'io.micrometer.core.instrument.MeterRegistry' (OnClassCondition)

   Jackson2HttpMessageConvertersConfiguration.MappingJackson2HttpMessageConverterConfiguration:
      Did not match:
         - AnyNestedCondition 0 matched 2 did not; NestedCondition on Jackson2HttpMessageConvertersConfiguration.PreferJackson2OrJacksonUnavailableCondition.JacksonUnavailable @ConditionalOnMissingBean (types: org.springframework.boot.http.converter.autoconfigure.JacksonHttpMessageConvertersConfiguration$JacksonJsonHttpMessageConvertersCustomizer; SearchStrategy: all) found beans of type 'org.springframework.boot.http.converter.autoconfigure.JacksonHttpMessageConvertersConfiguration$JacksonJsonHttpMessageConvertersCustomizer' jacksonJsonHttpMessageConvertersCustomizer; NestedCondition on Jackson2HttpMessageConvertersConfiguration.PreferJackson2OrJacksonUnavailableCondition.Jackson2Preferred @ConditionalOnProperty (spring.http.converters.preferred-json-mapper=jackson2) did not find property 'spring.http.converters.preferred-json-mapper' (Jackson2HttpMessageConvertersConfiguration.PreferJackson2OrJacksonUnavailableCondition)
      Matched:
         - @ConditionalOnClass found required class 'com.fasterxml.jackson.databind.ObjectMapper' (OnClassCondition)

   Jackson2HttpMessageConvertersConfiguration.MappingJackson2XmlHttpMessageConverterConfiguration:
      Did not match:
         - @ConditionalOnClass did not find required class 'tools.jackson.dataformat.xml.XmlMapper' (OnClassCondition)

   JacksonAutoConfiguration.CborConfiguration:
      Did not match:
         - @ConditionalOnClass did not find required class 'tools.jackson.dataformat.cbor.CBORMapper' (OnClassCondition)

   JacksonAutoConfiguration.XmlConfiguration:
      Did not match:
         - @ConditionalOnClass did not find required class 'tools.jackson.dataformat.xml.XmlMapper' (OnClassCondition)

   JacksonHttpMessageConvertersConfiguration.JacksonXmlHttpMessageConverterConfiguration:
      Did not match:
         - @ConditionalOnClass did not find required class 'tools.jackson.dataformat.xml.XmlMapper' (OnClassCondition)

   JmxAutoConfiguration:
      Did not match:
         - @ConditionalOnBooleanProperty (spring.jmx.enabled=true) did not find property 'spring.jmx.enabled' (OnPropertyCondition)
      Matched:
         - @ConditionalOnClass found required class 'org.springframework.jmx.export.MBeanExporter' (OnClassCondition)

   JndiDataSourceAutoConfiguration:
      Did not match:
         - @ConditionalOnProperty (spring.datasource.jndi-name) did not find property 'spring.datasource.jndi-name' (OnPropertyCondition)
      Matched:
         - @ConditionalOnClass found required classes 'javax.sql.DataSource', 'org.springframework.jdbc.datasource.embedded.EmbeddedDatabaseType' (OnClassCondition)

   JndiJtaConfiguration:
      Did not match:
         - @ConditionalOnJndi JNDI environment is not available (OnJndiCondition)
      Matched:
         - @ConditionalOnClass found required class 'org.springframework.transaction.jta.JtaTransactionManager' (OnClassCondition)

   JsonbHttpMessageConvertersConfiguration:
      Did not match:
         - @ConditionalOnClass did not find required class 'jakarta.json.bind.Jsonb' (OnClassCondition)

   KotlinSerializationHttpMessageConvertersConfiguration:
      Did not match:
         - @ConditionalOnClass did not find required classes 'kotlinx.serialization.Serializable', 'kotlinx.serialization.json.Json' (OnClassCondition)

   MessageSourceAutoConfiguration:
      Did not match:
         - ResourceBundle did not find bundle with basename messages (MessageSourceAutoConfiguration.ResourceBundleCondition)

   ProjectInfoAutoConfiguration#buildProperties:
      Did not match:
         - @ConditionalOnResource did not find resource '${spring.info.build.location:classpath:META-INF/build-info.properties}' (OnResourceCondition)

   ProjectInfoAutoConfiguration#gitProperties:
      Did not match:
         - GitResource did not find git info at classpath:git.properties (ProjectInfoAutoConfiguration.GitResourceAvailableCondition)

   ServletHttpExchangesAutoConfiguration:
      Did not match:
         - @ConditionalOnBean did not find required type 'org.springframework.boot.actuate.web.exchanges.HttpExchangeRepository' (OnBeanCondition)

   ServletManagementContextAutoConfiguration:
      Did not match:
         - @ConditionalOnClass did not find required class 'org.springframework.boot.actuate.autoconfigure.endpoint.web.WebEndpointProperties' (OnClassCondition)

   ServletMappingsAutoConfiguration:
      Did not match:
         - @ConditionalOnClass did not find required class 'org.springframework.boot.actuate.autoconfigure.endpoint.condition.ConditionalOnAvailableEndpoint' (OnClassCondition)

   ServletWebServerConfiguration#forwardedHeaderFilter:
      Did not match:
         - @ConditionalOnProperty (server.forward-headers-strategy=framework) did not find property 'server.forward-headers-strategy' (OnPropertyCondition)

   SpringApplicationAdminJmxAutoConfiguration:
      Did not match:
         - @ConditionalOnBooleanProperty (spring.application.admin.enabled=true) did not find property 'spring.application.admin.enabled' (OnPropertyCondition)

   TaskExecutorConfigurations.SimpleAsyncTaskExecutorBuilderConfiguration#simpleAsyncTaskExecutorBuilderVirtualThreads:
      Did not match:
         - @ConditionalOnMissingBean (types: org.springframework.boot.task.SimpleAsyncTaskExecutorBuilder; SearchStrategy: all) found beans of type 'org.springframework.boot.task.SimpleAsyncTaskExecutorBuilder' simpleAsyncTaskExecutorBuilder (OnBeanCondition)

   TaskExecutorConfigurations.TaskExecutorConfiguration:
      Did not match:
         - AnyNestedCondition 0 matched 2 did not; NestedCondition on TaskExecutorConfigurations.OnExecutorCondition.ModelCondition @ConditionalOnProperty (spring.task.execution.mode=force) did not find property 'spring.task.execution.mode'; NestedCondition on TaskExecutorConfigurations.OnExecutorCondition.ExecutorBeanCondition @ConditionalOnMissingBean (types: java.util.concurrent.Executor; SearchStrategy: all) found beans of type 'java.util.concurrent.Executor' clientInboundChannelExecutor, clientOutboundChannelExecutor, brokerChannelExecutor (TaskExecutorConfigurations.OnExecutorCondition)

   TaskSchedulingConfigurations.SimpleAsyncTaskSchedulerBuilderConfiguration#simpleAsyncTaskSchedulerBuilderVirtualThreads:
      Did not match:
         - @ConditionalOnMissingBean (types: org.springframework.boot.task.SimpleAsyncTaskSchedulerBuilder; SearchStrategy: all) found beans of type 'org.springframework.boot.task.SimpleAsyncTaskSchedulerBuilder' simpleAsyncTaskSchedulerBuilder (OnBeanCondition)

   TaskSchedulingConfigurations.TaskSchedulerConfiguration:
      Did not match:
         - @ConditionalOnMissingBean (types: org.springframework.scheduling.TaskScheduler,java.util.concurrent.ScheduledExecutorService; SearchStrategy: all) found beans of type 'org.springframework.scheduling.TaskScheduler' messageBrokerTaskScheduler (OnBeanCondition)

   TomcatMetricsAutoConfiguration:
      Did not match:
         - @ConditionalOnClass did not find required class 'io.micrometer.core.instrument.binder.tomcat.TomcatMetrics' (OnClassCondition)

   TomcatReactiveManagementContextAutoConfiguration:
      Did not match:
         - @ConditionalOnClass did not find required class 'org.springframework.boot.actuate.autoconfigure.web.server.ManagementContextFactory' (OnClassCondition)

   TomcatReactiveWebServerAutoConfiguration:
      Did not match:
         - @ConditionalOnWebApplication did not find reactive web application classes (OnWebApplicationCondition)

   TomcatServletManagementContextAutoConfiguration:
      Did not match:
         - @ConditionalOnClass did not find required class 'org.springframework.boot.actuate.autoconfigure.web.server.ManagementContextFactory' (OnClassCondition)

   TomcatServletWebServerAutoConfiguration#tomcatForwardedHeaderFilterCustomizer:
      Did not match:
         - @ConditionalOnProperty (server.forward-headers-strategy=framework) did not find property 'server.forward-headers-strategy' (OnPropertyCondition)

   TomcatWebServerConfiguration#tomcatVirtualThreadsProtocolHandlerCustomizer:
      Did not match:
         - @ConditionalOnThreading did not find VIRTUAL (OnThreadingCondition)

   TransactionAutoConfiguration#transactionalOperator:
      Did not match:
         - @ConditionalOnSingleCandidate (types: org.springframework.transaction.ReactiveTransactionManager; SearchStrategy: all) did not find any beans (OnBeanCondition)

   TransactionAutoConfiguration.AspectJTransactionManagementConfiguration:
      Did not match:
         - @ConditionalOnBean (types: org.springframework.transaction.aspectj.AbstractTransactionAspect; SearchStrategy: all) did not find any beans of type org.springframework.transaction.aspectj.AbstractTransactionAspect (OnBeanCondition)

   TransactionAutoConfiguration.EnableTransactionManagementConfiguration.JdkDynamicAutoProxyConfiguration:
      Did not match:
         - @ConditionalOnBooleanProperty (spring.aop.proxy-target-class=false) did not find property 'spring.aop.proxy-target-class' (OnPropertyCondition)

   WebMvcAutoConfiguration#hiddenHttpMethodFilter:
      Did not match:
         - @ConditionalOnBooleanProperty (spring.mvc.hiddenmethod.filter.enabled=true) did not find property 'spring.mvc.hiddenmethod.filter.enabled' (OnPropertyCondition)

   WebMvcAutoConfiguration.ProblemDetailsErrorHandlingConfiguration:
      Did not match:
         - @ConditionalOnBooleanProperty (spring.mvc.problemdetails.enabled=true) did not find property 'spring.mvc.problemdetails.enabled' (OnPropertyCondition)

   WebMvcAutoConfiguration.ResourceChainCustomizerConfiguration:
      Did not match:
         - @ConditionalOnEnabledResourceChain did not find class org.webjars.WebJarVersionLocator (OnEnabledResourceChainCondition)

   WebMvcAutoConfiguration.WebMvcAutoConfigurationAdapter#beanNameViewResolver:
      Did not match:
         - @ConditionalOnMissingBean (types: org.springframework.web.servlet.view.BeanNameViewResolver; SearchStrategy: all) found beans of type 'org.springframework.web.servlet.view.BeanNameViewResolver' beanNameViewResolver (OnBeanCondition)

   WebMvcHealthEndpointExtensionAutoConfiguration:
      Did not match:
         - @ConditionalOnClass did not find required class 'org.springframework.boot.health.actuate.endpoint.HealthEndpoint' (OnClassCondition)

   WebMvcMappingsAutoConfiguration:
      Did not match:
         - @ConditionalOnClass did not find required class 'org.springframework.boot.actuate.autoconfigure.endpoint.condition.ConditionalOnAvailableEndpoint' (OnClassCondition)

   WebMvcObservationAutoConfiguration:
      Did not match:
         - @ConditionalOnClass did not find required class 'org.springframework.boot.micrometer.observation.autoconfigure.ObservationProperties' (OnClassCondition)

   WebSocketMessagingAutoConfiguration.Jackson2WebSocketMessageConverterConfiguration:
      Did not match:
         - AnyNestedCondition 0 matched 2 did not; NestedCondition on WebSocketMessagingAutoConfiguration.NoJacksonOrJackson2Preferred.Jackson2Preferred @ConditionalOnProperty (spring.websocket.messaging.preferred-json-mapper=jackson2) did not find property 'spring.websocket.messaging.preferred-json-mapper'; NestedCondition on WebSocketMessagingAutoConfiguration.NoJacksonOrJackson2Preferred.NoJackson @ConditionalOnMissingClass found unwanted class 'tools.jackson.databind.json.JsonMapper' (WebSocketMessagingAutoConfiguration.NoJacksonOrJackson2Preferred)
      Matched:
         - @ConditionalOnClass found required class 'com.fasterxml.jackson.databind.ObjectMapper' (OnClassCondition)

   XADataSourceAutoConfiguration:
      Did not match:
         - @ConditionalOnBean (types: org.springframework.boot.jdbc.XADataSourceWrapper; SearchStrategy: all) did not find any beans of type org.springframework.boot.jdbc.XADataSourceWrapper (OnBeanCondition)
      Matched:
         - @ConditionalOnClass found required classes 'javax.sql.DataSource', 'jakarta.transaction.TransactionManager', 'org.springframework.jdbc.datasource.embedded.EmbeddedDatabaseType' (OnClassCondition)


Exclusions:
-----------

    None


Unconditional classes:
----------------------

    org.springframework.boot.autoconfigure.context.ConfigurationPropertiesAutoConfiguration

    org.springframework.boot.autoconfigure.ssl.SslAutoConfiguration

    org.springframework.boot.autoconfigure.context.LifecycleAutoConfiguration

    org.springframework.boot.autoconfigure.context.PropertyPlaceholderAutoConfiguration

    org.springframework.boot.autoconfigure.availability.ApplicationAvailabilityAutoConfiguration

    org.springframework.boot.autoconfigure.info.ProjectInfoAutoConfiguration



2026-05-05T20:31:39.138+01:00 DEBUG 36496 --- [building-service] [           main] o.s.b.d.LoggingFailureAnalysisReporter   : Application failed to start due to an exception

org.springframework.boot.web.server.PortInUseException: Port 8084 is already in use
	at org.springframework.boot.web.server.PortInUseException.lambda$throwIfPortBindingException$0(PortInUseException.java:73) ~[spring-boot-web-server-4.0.2.jar!/:4.0.2]
	at org.springframework.boot.web.server.PortInUseException.lambda$ifPortBindingException$0(PortInUseException.java:89) ~[spring-boot-web-server-4.0.2.jar!/:4.0.2]
	at org.springframework.boot.web.server.PortInUseException.ifCausedBy(PortInUseException.java:107) ~[spring-boot-web-server-4.0.2.jar!/:4.0.2]
	at org.springframework.boot.web.server.PortInUseException.ifPortBindingException(PortInUseException.java:85) ~[spring-boot-web-server-4.0.2.jar!/:4.0.2]
	at org.springframework.boot.web.server.PortInUseException.throwIfPortBindingException(PortInUseException.java:72) ~[spring-boot-web-server-4.0.2.jar!/:4.0.2]
	at org.springframework.boot.tomcat.TomcatWebServer.start(TomcatWebServer.java:247) ~[spring-boot-tomcat-4.0.2.jar!/:4.0.2]
	at org.springframework.boot.web.server.servlet.context.WebServerStartStopLifecycle.start(WebServerStartStopLifecycle.java:44) ~[spring-boot-web-server-4.0.2.jar!/:4.0.2]
	at org.springframework.context.support.DefaultLifecycleProcessor.doStart(DefaultLifecycleProcessor.java:420) ~[spring-context-7.0.3.jar!/:7.0.3]
	at org.springframework.context.support.DefaultLifecycleProcessor.doStart(DefaultLifecycleProcessor.java:409) ~[spring-context-7.0.3.jar!/:7.0.3]
	at org.springframework.context.support.DefaultLifecycleProcessor$LifecycleGroup.start(DefaultLifecycleProcessor.java:613) ~[spring-context-7.0.3.jar!/:7.0.3]
	at java.base/java.lang.Iterable.forEach(Iterable.java:75) ~[na:na]
	at org.springframework.context.support.DefaultLifecycleProcessor.startBeans(DefaultLifecycleProcessor.java:379) ~[spring-context-7.0.3.jar!/:7.0.3]
	at org.springframework.context.support.DefaultLifecycleProcessor.onRefresh(DefaultLifecycleProcessor.java:306) ~[spring-context-7.0.3.jar!/:7.0.3]
	at org.springframework.context.support.AbstractApplicationContext.finishRefresh(AbstractApplicationContext.java:1012) ~[spring-context-7.0.3.jar!/:7.0.3]
	at org.springframework.context.support.AbstractApplicationContext.refresh(AbstractApplicationContext.java:623) ~[spring-context-7.0.3.jar!/:7.0.3]
	at org.springframework.boot.web.server.servlet.context.ServletWebServerApplicationContext.refresh(ServletWebServerApplicationContext.java:143) ~[spring-boot-web-server-4.0.2.jar!/:4.0.2]
	at org.springframework.boot.SpringApplication.refresh(SpringApplication.java:756) ~[spring-boot-4.0.2.jar!/:4.0.2]
	at org.springframework.boot.SpringApplication.refreshContext(SpringApplication.java:445) ~[spring-boot-4.0.2.jar!/:4.0.2]
	at org.springframework.boot.SpringApplication.run(SpringApplication.java:321) ~[spring-boot-4.0.2.jar!/:4.0.2]
	at org.springframework.boot.SpringApplication.run(SpringApplication.java:1365) ~[spring-boot-4.0.2.jar!/:4.0.2]
	at org.springframework.boot.SpringApplication.run(SpringApplication.java:1354) ~[spring-boot-4.0.2.jar!/:4.0.2]
	at com.digitaltwin.building_service.BuildingServiceApplication.main(BuildingServiceApplication.java:14) ~[!/:0.0.1-SNAPSHOT]
	at java.base/jdk.internal.reflect.NativeMethodAccessorImpl.invoke0(Native Method) ~[na:na]
	at java.base/jdk.internal.reflect.NativeMethodAccessorImpl.invoke(NativeMethodAccessorImpl.java:77) ~[na:na]
	at java.base/jdk.internal.reflect.DelegatingMethodAccessorImpl.invoke(DelegatingMethodAccessorImpl.java:43) ~[na:na]
	at java.base/java.lang.reflect.Method.invoke(Method.java:568) ~[na:na]
	at org.springframework.boot.loader.launch.Launcher.launch(Launcher.java:106) ~[building-service-0.0.1-SNAPSHOT.jar:0.0.1-SNAPSHOT]
	at org.springframework.boot.loader.launch.Launcher.launch(Launcher.java:64) ~[building-service-0.0.1-SNAPSHOT.jar:0.0.1-SNAPSHOT]
	at org.springframework.boot.loader.launch.JarLauncher.main(JarLauncher.java:40) ~[building-service-0.0.1-SNAPSHOT.jar:0.0.1-SNAPSHOT]
Caused by: java.lang.IllegalArgumentException: standardService.connector.startFailed
	at org.apache.catalina.core.StandardService.addConnector(StandardService.java:220) ~[tomcat-embed-core-11.0.15.jar!/:na]
	at org.springframework.boot.tomcat.TomcatWebServer.addPreviouslyRemovedConnectors(TomcatWebServer.java:307) ~[spring-boot-tomcat-4.0.2.jar!/:4.0.2]
	at org.springframework.boot.tomcat.TomcatWebServer.start(TomcatWebServer.java:233) ~[spring-boot-tomcat-4.0.2.jar!/:4.0.2]
	... 23 common frames omitted
Caused by: org.apache.catalina.LifecycleException: Protocol handler start failed
	at org.apache.catalina.connector.Connector.startInternal(Connector.java:1119) ~[tomcat-embed-core-11.0.15.jar!/:na]
	at org.apache.catalina.util.LifecycleBase.start(LifecycleBase.java:164) ~[tomcat-embed-core-11.0.15.jar!/:na]
	at org.apache.catalina.core.StandardService.addConnector(StandardService.java:217) ~[tomcat-embed-core-11.0.15.jar!/:na]
	... 25 common frames omitted
Caused by: java.net.BindException: Address already in use: bind
	at java.base/sun.nio.ch.Net.bind0(Native Method) ~[na:na]
	at java.base/sun.nio.ch.Net.bind(Net.java:555) ~[na:na]
	at java.base/sun.nio.ch.ServerSocketChannelImpl.netBind(ServerSocketChannelImpl.java:337) ~[na:na]
	at java.base/sun.nio.ch.ServerSocketChannelImpl.bind(ServerSocketChannelImpl.java:294) ~[na:na]
	at org.apache.tomcat.util.net.NioEndpoint.initServerSocket(NioEndpoint.java:265) ~[tomcat-embed-core-11.0.15.jar!/:na]
	at org.apache.tomcat.util.net.NioEndpoint.bind(NioEndpoint.java:220) ~[tomcat-embed-core-11.0.15.jar!/:na]
	at org.apache.tomcat.util.net.AbstractEndpoint.bindWithCleanup(AbstractEndpoint.java:1633) ~[tomcat-embed-core-11.0.15.jar!/:na]
	at org.apache.tomcat.util.net.AbstractEndpoint.start(AbstractEndpoint.java:1716) ~[tomcat-embed-core-11.0.15.jar!/:na]
	at org.apache.coyote.AbstractProtocol.start(AbstractProtocol.java:644) ~[tomcat-embed-core-11.0.15.jar!/:na]
	at org.apache.catalina.connector.Connector.startInternal(Connector.java:1116) ~[tomcat-embed-core-11.0.15.jar!/:na]
	... 27 common frames omitted

2026-05-05T20:31:39.144+01:00 ERROR 36496 --- [building-service] [           main] o.s.b.d.LoggingFailureAnalysisReporter   : 

***************************
APPLICATION FAILED TO START
***************************

Description:

Web server failed to start. Port 8084 was already in use.

Action:

Identify and stop the process that's listening on port 8084 or configure this application to listen on another port.

